Futures days: 1203 | option days: 1203 | overlap: 1203
Phase 1 window: 2020-01-01..2022-12-31 = 748 days (2020 subset: 252)
Search space: 4 axes, 144 total combinations
Trials: 200 | sampler: TPE multivariate | pruner: MedianPruner | workers: 10
Trial   0 | score=       -2270 | pts=   -10,949 | wr= 31.1% | pf= 0.67 | trades= 4,320 |     5s

----------------------------------------------------------------------------------------------------
LIVE LEADERBOARD (top 5 by composite score)
  # |        SCORE |        PTS |    WR% |    PF |     TR | params
  1 |        -2270 |    -10,949 |   31.1 |  0.67 |  4,320 | atr=14 sl=1.5 tp=3.0 embed=10
----------------------------------------------------------------------------------------------------
Trial   1 | score=       -1842 | pts=   -15,462 | wr= 25.3% | pf= 0.47 | trades= 2,319 |     5s

----------------------------------------------------------------------------------------------------
LIVE LEADERBOARD (top 5 by composite score)
  # |        SCORE |        PTS |    WR% |    PF |     TR | params
  1 |        -1842 |    -15,462 |   25.3 |  0.47 |  2,319 | atr=20 sl=3.0 tp=6.0 embed=10
  2 |        -2270 |    -10,949 |   31.1 |  0.67 |  4,320 | atr=14 sl=1.5 tp=3.0 embed=10
----------------------------------------------------------------------------------------------------
Trial   2 | score=       -3237 | pts=   -12,362 | wr= 42.0% | pf= 0.62 | trades= 3,063 |     5s

----------------------------------------------------------------------------------------------------
LIVE LEADERBOARD (top 5 by composite score)
  # |        SCORE |        PTS |    WR% |    PF |     TR | params
  1 |        -1842 |    -15,462 |   25.3 |  0.47 |  2,319 | atr=20 sl=3.0 tp=6.0 embed=10
  2 |        -2270 |    -10,949 |   31.1 |  0.67 |  4,320 | atr=14 sl=1.5 tp=3.0 embed=10
  3 |        -3237 |    -12,362 |   42.0 |  0.62 |  3,063 | atr=20 sl=3.0 tp=3.0 embed=20
----------------------------------------------------------------------------------------------------
Trial   3 | score=       -1760 | pts=   -10,370 | wr= 25.8% | pf= 0.66 | trades= 3,757 |     4s

----------------------------------------------------------------------------------------------------
LIVE LEADERBOARD (top 5 by composite score)
  # |        SCORE |        PTS |    WR% |    PF |     TR | params
  1 |        -1760 |    -10,370 |   25.8 |  0.66 |  3,757 | atr=14 sl=1.5 tp=4.0 embed=20
  2 |        -1842 |    -15,462 |   25.3 |  0.47 |  2,319 | atr=20 sl=3.0 tp=6.0 embed=10
  3 |        -2270 |    -10,949 |   31.1 |  0.67 |  4,320 | atr=14 sl=1.5 tp=3.0 embed=10
  4 |        -3237 |    -12,362 |   42.0 |  0.62 |  3,063 | atr=20 sl=3.0 tp=3.0 embed=20
----------------------------------------------------------------------------------------------------
Trial   4 | score=       -2254 | pts=   -13,086 | wr= 30.5% | pf= 0.57 | trades= 2,501 |     4s

----------------------------------------------------------------------------------------------------
LIVE LEADERBOARD (top 5 by composite score)
  # |        SCORE |        PTS |    WR% |    PF |     TR | params
  1 |        -1760 |    -10,370 |   25.8 |  0.66 |  3,757 | atr=14 sl=1.5 tp=4.0 embed=20
  2 |        -1842 |    -15,462 |   25.3 |  0.47 |  2,319 | atr=20 sl=3.0 tp=6.0 embed=10
  3 |        -2254 |    -13,086 |   30.5 |  0.57 |  2,501 | atr=14 sl=3.0 tp=5.0 embed=20
  4 |        -2270 |    -10,949 |   31.1 |  0.67 |  4,320 | atr=14 sl=1.5 tp=3.0 embed=10
  5 |        -3237 |    -12,362 |   42.0 |  0.62 |  3,063 | atr=20 sl=3.0 tp=3.0 embed=20
----------------------------------------------------------------------------------------------------
Trial   5 | score=       -1238 | pts=   -14,748 | wr= 17.4% | pf= 0.48 | trades= 3,268 |     4s

----------------------------------------------------------------------------------------------------
LIVE LEADERBOARD (top 5 by composite score)
  # |        SCORE |        PTS |    WR% |    PF |     TR | params
  1 |        -1238 |    -14,748 |   17.4 |  0.48 |  3,268 | atr=10 sl=1.5 tp=6.0 embed=10
  2 |        -1760 |    -10,370 |   25.8 |  0.66 |  3,757 | atr=14 sl=1.5 tp=4.0 embed=20
  3 |        -1842 |    -15,462 |   25.3 |  0.47 |  2,319 | atr=20 sl=3.0 tp=6.0 embed=10
  4 |        -2254 |    -13,086 |   30.5 |  0.57 |  2,501 | atr=14 sl=3.0 tp=5.0 embed=20
  5 |        -2270 |    -10,949 |   31.1 |  0.67 |  4,320 | atr=14 sl=1.5 tp=3.0 embed=10
----------------------------------------------------------------------------------------------------
Trial   6 | score=       -1475 | pts=   -14,734 | wr= 20.4% | pf= 0.49 | trades= 2,837 |     4s

----------------------------------------------------------------------------------------------------
LIVE LEADERBOARD (top 5 by composite score)
  # |        SCORE |        PTS |    WR% |    PF |     TR | params
  1 |        -1238 |    -14,748 |   17.4 |  0.48 |  3,268 | atr=10 sl=1.5 tp=6.0 embed=10
  2 |        -1475 |    -14,734 |   20.4 |  0.49 |  2,837 | atr=20 sl=2.0 tp=6.0 embed=14
  3 |        -1760 |    -10,370 |   25.8 |  0.66 |  3,757 | atr=14 sl=1.5 tp=4.0 embed=20
  4 |        -1842 |    -15,462 |   25.3 |  0.47 |  2,319 | atr=20 sl=3.0 tp=6.0 embed=10
  5 |        -2254 |    -13,086 |   30.5 |  0.57 |  2,501 | atr=14 sl=3.0 tp=5.0 embed=20
----------------------------------------------------------------------------------------------------
Trial   7 | score=       -2298 | pts=   -13,219 | wr= 30.6% | pf= 0.57 | trades= 2,541 |     4s

----------------------------------------------------------------------------------------------------
LIVE LEADERBOARD (top 5 by composite score)
  # |        SCORE |        PTS |    WR% |    PF |     TR | params
  1 |        -1238 |    -14,748 |   17.4 |  0.48 |  3,268 | atr=10 sl=1.5 tp=6.0 embed=10
  2 |        -1475 |    -14,734 |   20.4 |  0.49 |  2,837 | atr=20 sl=2.0 tp=6.0 embed=14
  3 |        -1760 |    -10,370 |   25.8 |  0.66 |  3,757 | atr=14 sl=1.5 tp=4.0 embed=20
  4 |        -1842 |    -15,462 |   25.3 |  0.47 |  2,319 | atr=20 sl=3.0 tp=6.0 embed=10
  5 |        -2254 |    -13,086 |   30.5 |  0.57 |  2,501 | atr=14 sl=3.0 tp=5.0 embed=20
----------------------------------------------------------------------------------------------------
Trial   8 | score=       -2243 | pts=   -12,632 | wr= 31.0% | pf= 0.57 | trades= 2,478 |     4s

----------------------------------------------------------------------------------------------------
LIVE LEADERBOARD (top 5 by composite score)
  # |        SCORE |        PTS |    WR% |    PF |     TR | params
  1 |        -1238 |    -14,748 |   17.4 |  0.48 |  3,268 | atr=10 sl=1.5 tp=6.0 embed=10
  2 |        -1475 |    -14,734 |   20.4 |  0.49 |  2,837 | atr=20 sl=2.0 tp=6.0 embed=14
  3 |        -1760 |    -10,370 |   25.8 |  0.66 |  3,757 | atr=14 sl=1.5 tp=4.0 embed=20
  4 |        -1842 |    -15,462 |   25.3 |  0.47 |  2,319 | atr=20 sl=3.0 tp=6.0 embed=10
  5 |        -2243 |    -12,632 |   31.0 |  0.57 |  2,478 | atr=10 sl=3.0 tp=5.0 embed=20
----------------------------------------------------------------------------------------------------
Trial   9 | score=       -1760 | pts=   -10,370 | wr= 25.8% | pf= 0.66 | trades= 3,757 |     3s

----------------------------------------------------------------------------------------------------
LIVE LEADERBOARD (top 5 by composite score)
  # |        SCORE |        PTS |    WR% |    PF |     TR | params
  1 |        -1238 |    -14,748 |   17.4 |  0.48 |  3,268 | atr=10 sl=1.5 tp=6.0 embed=10
  2 |        -1475 |    -14,734 |   20.4 |  0.49 |  2,837 | atr=20 sl=2.0 tp=6.0 embed=14
  3 |        -1760 |    -10,370 |   25.8 |  0.66 |  3,757 | atr=14 sl=1.5 tp=4.0 embed=20
  4 |        -1760 |    -10,370 |   25.8 |  0.66 |  3,757 | atr=14 sl=1.5 tp=4.0 embed=20
  5 |        -1842 |    -15,462 |   25.3 |  0.47 |  2,319 | atr=20 sl=3.0 tp=6.0 embed=10
----------------------------------------------------------------------------------------------------
Trial  10 | PRUNED (year1 pts=    -3,945) |     1s
Trial  11 | score=       -1683 | pts=   -14,018 | wr= 23.6% | pf= 0.51 | trades= 2,543 |     4s

----------------------------------------------------------------------------------------------------
LIVE LEADERBOARD (top 5 by composite score)
  # |        SCORE |        PTS |    WR% |    PF |     TR | params
  1 |        -1238 |    -14,748 |   17.4 |  0.48 |  3,268 | atr=10 sl=1.5 tp=6.0 embed=10
  2 |        -1475 |    -14,734 |   20.4 |  0.49 |  2,837 | atr=20 sl=2.0 tp=6.0 embed=14
  3 |        -1683 |    -14,018 |   23.6 |  0.51 |  2,543 | atr=20 sl=2.5 tp=6.0 embed=14
  4 |        -1760 |    -10,370 |   25.8 |  0.66 |  3,757 | atr=14 sl=1.5 tp=4.0 embed=20
  5 |        -1760 |    -10,370 |   25.8 |  0.66 |  3,757 | atr=14 sl=1.5 tp=4.0 embed=20
----------------------------------------------------------------------------------------------------
Trial  12 | score=       -1399 | pts=   -14,686 | wr= 19.9% | pf= 0.48 | trades= 2,742 |     4s

----------------------------------------------------------------------------------------------------
LIVE LEADERBOARD (top 5 by composite score)
  # |        SCORE |        PTS |    WR% |    PF |     TR | params
  1 |        -1238 |    -14,748 |   17.4 |  0.48 |  3,268 | atr=10 sl=1.5 tp=6.0 embed=10
  2 |        -1399 |    -14,686 |   19.9 |  0.48 |  2,742 | atr=20 sl=2.0 tp=6.0 embed=20
  3 |        -1475 |    -14,734 |   20.4 |  0.49 |  2,837 | atr=20 sl=2.0 tp=6.0 embed=14
  4 |        -1683 |    -14,018 |   23.6 |  0.51 |  2,543 | atr=20 sl=2.5 tp=6.0 embed=14
  5 |        -1760 |    -10,370 |   25.8 |  0.66 |  3,757 | atr=14 sl=1.5 tp=4.0 embed=20
----------------------------------------------------------------------------------------------------
Trial  13 | score=       -1399 | pts=   -14,686 | wr= 19.9% | pf= 0.48 | trades= 2,742 |     3s

----------------------------------------------------------------------------------------------------
LIVE LEADERBOARD (top 5 by composite score)
  # |        SCORE |        PTS |    WR% |    PF |     TR | params
  1 |        -1238 |    -14,748 |   17.4 |  0.48 |  3,268 | atr=10 sl=1.5 tp=6.0 embed=10
  2 |        -1399 |    -14,686 |   19.9 |  0.48 |  2,742 | atr=20 sl=2.0 tp=6.0 embed=20
  3 |        -1399 |    -14,686 |   19.9 |  0.48 |  2,742 | atr=20 sl=2.0 tp=6.0 embed=20
  4 |        -1475 |    -14,734 |   20.4 |  0.49 |  2,837 | atr=20 sl=2.0 tp=6.0 embed=14
  5 |        -1683 |    -14,018 |   23.6 |  0.51 |  2,543 | atr=20 sl=2.5 tp=6.0 embed=14
----------------------------------------------------------------------------------------------------
Trial  14 | score=       -2774 | pts=   -11,637 | wr= 36.0% | pf= 0.66 | trades= 3,856 |     3s

----------------------------------------------------------------------------------------------------
LIVE LEADERBOARD (top 5 by composite score)
  # |        SCORE |        PTS |    WR% |    PF |     TR | params
  1 |        -1238 |    -14,748 |   17.4 |  0.48 |  3,268 | atr=10 sl=1.5 tp=6.0 embed=10
  2 |        -1399 |    -14,686 |   19.9 |  0.48 |  2,742 | atr=20 sl=2.0 tp=6.0 embed=20
  3 |        -1399 |    -14,686 |   19.9 |  0.48 |  2,742 | atr=20 sl=2.0 tp=6.0 embed=20
  4 |        -1475 |    -14,734 |   20.4 |  0.49 |  2,837 | atr=20 sl=2.0 tp=6.0 embed=14
  5 |        -1683 |    -14,018 |   23.6 |  0.51 |  2,543 | atr=20 sl=2.5 tp=6.0 embed=14
----------------------------------------------------------------------------------------------------
Trial  15 | score=       -1853 | pts=   -11,141 | wr= 25.8% | pf= 0.65 | trades= 3,891 |     3s

----------------------------------------------------------------------------------------------------
LIVE LEADERBOARD (top 5 by composite score)
  # |        SCORE |        PTS |    WR% |    PF |     TR | params
  1 |        -1238 |    -14,748 |   17.4 |  0.48 |  3,268 | atr=10 sl=1.5 tp=6.0 embed=10
  2 |        -1399 |    -14,686 |   19.9 |  0.48 |  2,742 | atr=20 sl=2.0 tp=6.0 embed=20
  3 |        -1399 |    -14,686 |   19.9 |  0.48 |  2,742 | atr=20 sl=2.0 tp=6.0 embed=20
  4 |        -1475 |    -14,734 |   20.4 |  0.49 |  2,837 | atr=20 sl=2.0 tp=6.0 embed=14
  5 |        -1683 |    -14,018 |   23.6 |  0.51 |  2,543 | atr=20 sl=2.5 tp=6.0 embed=14
----------------------------------------------------------------------------------------------------
Trial  16 | PRUNED (year1 pts=    -4,194) |     1s
Trial  17 | PRUNED (year1 pts=    -3,858) |     1s
Trial  18 | score=       -1163 | pts=   -13,762 | wr= 17.2% | pf= 0.49 | trades= 3,120 |     3s

----------------------------------------------------------------------------------------------------
LIVE LEADERBOARD (top 5 by composite score)
  # |        SCORE |        PTS |    WR% |    PF |     TR | params
  1 |        -1163 |    -13,762 |   17.2 |  0.49 |  3,120 | atr=20 sl=1.5 tp=6.0 embed=20
  2 |        -1238 |    -14,748 |   17.4 |  0.48 |  3,268 | atr=10 sl=1.5 tp=6.0 embed=10
  3 |        -1399 |    -14,686 |   19.9 |  0.48 |  2,742 | atr=20 sl=2.0 tp=6.0 embed=20
  4 |        -1399 |    -14,686 |   19.9 |  0.48 |  2,742 | atr=20 sl=2.0 tp=6.0 embed=20
  5 |        -1475 |    -14,734 |   20.4 |  0.49 |  2,837 | atr=20 sl=2.0 tp=6.0 embed=14
----------------------------------------------------------------------------------------------------
Trial  19 | score=       -1163 | pts=   -13,762 | wr= 17.2% | pf= 0.49 | trades= 3,120 |     3s

----------------------------------------------------------------------------------------------------
LIVE LEADERBOARD (top 5 by composite score)
  # |        SCORE |        PTS |    WR% |    PF |     TR | params
  1 |        -1163 |    -13,762 |   17.2 |  0.49 |  3,120 | atr=20 sl=1.5 tp=6.0 embed=20
  2 |        -1163 |    -13,762 |   17.2 |  0.49 |  3,120 | atr=20 sl=1.5 tp=6.0 embed=20
  3 |        -1238 |    -14,748 |   17.4 |  0.48 |  3,268 | atr=10 sl=1.5 tp=6.0 embed=10
  4 |        -1399 |    -14,686 |   19.9 |  0.48 |  2,742 | atr=20 sl=2.0 tp=6.0 embed=20
  5 |        -1399 |    -14,686 |   19.9 |  0.48 |  2,742 | atr=20 sl=2.0 tp=6.0 embed=20
----------------------------------------------------------------------------------------------------
Trial  20 | score=       -1485 | pts=   -11,923 | wr= 21.2% | pf= 0.59 | trades= 3,449 |     3s

----------------------------------------------------------------------------------------------------
LIVE LEADERBOARD (top 5 by composite score)
  # |        SCORE |        PTS |    WR% |    PF |     TR | params
  1 |        -1163 |    -13,762 |   17.2 |  0.49 |  3,120 | atr=20 sl=1.5 tp=6.0 embed=20
  2 |        -1163 |    -13,762 |   17.2 |  0.49 |  3,120 | atr=20 sl=1.5 tp=6.0 embed=20
  3 |        -1238 |    -14,748 |   17.4 |  0.48 |  3,268 | atr=10 sl=1.5 tp=6.0 embed=10
  4 |        -1399 |    -14,686 |   19.9 |  0.48 |  2,742 | atr=20 sl=2.0 tp=6.0 embed=20
  5 |        -1399 |    -14,686 |   19.9 |  0.48 |  2,742 | atr=20 sl=2.0 tp=6.0 embed=20
----------------------------------------------------------------------------------------------------
Trial  21 | score=       -1163 | pts=   -13,762 | wr= 17.2% | pf= 0.49 | trades= 3,120 |     3s

----------------------------------------------------------------------------------------------------
LIVE LEADERBOARD (top 5 by composite score)
  # |        SCORE |        PTS |    WR% |    PF |     TR | params
  1 |        -1163 |    -13,762 |   17.2 |  0.49 |  3,120 | atr=20 sl=1.5 tp=6.0 embed=20
  2 |        -1163 |    -13,762 |   17.2 |  0.49 |  3,120 | atr=20 sl=1.5 tp=6.0 embed=20
  3 |        -1163 |    -13,762 |   17.2 |  0.49 |  3,120 | atr=20 sl=1.5 tp=6.0 embed=20
  4 |        -1238 |    -14,748 |   17.4 |  0.48 |  3,268 | atr=10 sl=1.5 tp=6.0 embed=10
  5 |        -1399 |    -14,686 |   19.9 |  0.48 |  2,742 | atr=20 sl=2.0 tp=6.0 embed=20
----------------------------------------------------------------------------------------------------
Trial  22 | score=       -1163 | pts=   -13,762 | wr= 17.2% | pf= 0.49 | trades= 3,120 |     2s

----------------------------------------------------------------------------------------------------
LIVE LEADERBOARD (top 5 by composite score)
  # |        SCORE |        PTS |    WR% |    PF |     TR | params
  1 |        -1163 |    -13,762 |   17.2 |  0.49 |  3,120 | atr=20 sl=1.5 tp=6.0 embed=20
  2 |        -1163 |    -13,762 |   17.2 |  0.49 |  3,120 | atr=20 sl=1.5 tp=6.0 embed=20
  3 |        -1163 |    -13,762 |   17.2 |  0.49 |  3,120 | atr=20 sl=1.5 tp=6.0 embed=20
  4 |        -1163 |    -13,762 |   17.2 |  0.49 |  3,120 | atr=20 sl=1.5 tp=6.0 embed=20
  5 |        -1238 |    -14,748 |   17.4 |  0.48 |  3,268 | atr=10 sl=1.5 tp=6.0 embed=10
----------------------------------------------------------------------------------------------------
Trial  23 | PRUNED (year1 pts=    -3,516) |     1s
Trial  24 | score=       -2068 | pts=    -9,506 | wr= 31.6% | pf= 0.69 | trades= 4,019 |     3s

----------------------------------------------------------------------------------------------------
LIVE LEADERBOARD (top 5 by composite score)
  # |        SCORE |        PTS |    WR% |    PF |     TR | params
  1 |        -1163 |    -13,762 |   17.2 |  0.49 |  3,120 | atr=20 sl=1.5 tp=6.0 embed=20
  2 |        -1163 |    -13,762 |   17.2 |  0.49 |  3,120 | atr=20 sl=1.5 tp=6.0 embed=20
  3 |        -1163 |    -13,762 |   17.2 |  0.49 |  3,120 | atr=20 sl=1.5 tp=6.0 embed=20
  4 |        -1163 |    -13,762 |   17.2 |  0.49 |  3,120 | atr=20 sl=1.5 tp=6.0 embed=20
  5 |        -1238 |    -14,748 |   17.4 |  0.48 |  3,268 | atr=10 sl=1.5 tp=6.0 embed=10
----------------------------------------------------------------------------------------------------
Trial  25 | PRUNED (year1 pts=    -3,648) |     1s
Trial  26 | score=       -1751 | pts=   -10,575 | wr= 25.6% | pf= 0.65 | trades= 3,741 |     2s

----------------------------------------------------------------------------------------------------
LIVE LEADERBOARD (top 5 by composite score)
  # |        SCORE |        PTS |    WR% |    PF |     TR | params
  1 |        -1163 |    -13,762 |   17.2 |  0.49 |  3,120 | atr=20 sl=1.5 tp=6.0 embed=20
  2 |        -1163 |    -13,762 |   17.2 |  0.49 |  3,120 | atr=20 sl=1.5 tp=6.0 embed=20
  3 |        -1163 |    -13,762 |   17.2 |  0.49 |  3,120 | atr=20 sl=1.5 tp=6.0 embed=20
  4 |        -1163 |    -13,762 |   17.2 |  0.49 |  3,120 | atr=20 sl=1.5 tp=6.0 embed=20
  5 |        -1238 |    -14,748 |   17.4 |  0.48 |  3,268 | atr=10 sl=1.5 tp=6.0 embed=10
----------------------------------------------------------------------------------------------------
Trial  27 | PRUNED (year1 pts=    -3,440) |     1s
Trial  28 | score=       -2063 | pts=    -9,660 | wr= 31.4% | pf= 0.68 | trades= 4,030 |     2s

----------------------------------------------------------------------------------------------------
LIVE LEADERBOARD (top 5 by composite score)
  # |        SCORE |        PTS |    WR% |    PF |     TR | params
  1 |        -1163 |    -13,762 |   17.2 |  0.49 |  3,120 | atr=20 sl=1.5 tp=6.0 embed=20
  2 |        -1163 |    -13,762 |   17.2 |  0.49 |  3,120 | atr=20 sl=1.5 tp=6.0 embed=20
  3 |        -1163 |    -13,762 |   17.2 |  0.49 |  3,120 | atr=20 sl=1.5 tp=6.0 embed=20
  4 |        -1163 |    -13,762 |   17.2 |  0.49 |  3,120 | atr=20 sl=1.5 tp=6.0 embed=20
  5 |        -1238 |    -14,748 |   17.4 |  0.48 |  3,268 | atr=10 sl=1.5 tp=6.0 embed=10
----------------------------------------------------------------------------------------------------
Trial  29 | PRUNED (year1 pts=    -3,591) |     1s
Trial  30 | PRUNED (year1 pts=    -3,731) |     1s
Trial  31 | PRUNED (year1 pts=    -3,497) |     1s
Trial  32 | score=       -1163 | pts=   -13,762 | wr= 17.2% | pf= 0.49 | trades= 3,120 |     2s

----------------------------------------------------------------------------------------------------
LIVE LEADERBOARD (top 5 by composite score)
  # |        SCORE |        PTS |    WR% |    PF |     TR | params
  1 |        -1163 |    -13,762 |   17.2 |  0.49 |  3,120 | atr=20 sl=1.5 tp=6.0 embed=20
  2 |        -1163 |    -13,762 |   17.2 |  0.49 |  3,120 | atr=20 sl=1.5 tp=6.0 embed=20
  3 |        -1163 |    -13,762 |   17.2 |  0.49 |  3,120 | atr=20 sl=1.5 tp=6.0 embed=20
  4 |        -1163 |    -13,762 |   17.2 |  0.49 |  3,120 | atr=20 sl=1.5 tp=6.0 embed=20
  5 |        -1163 |    -13,762 |   17.2 |  0.49 |  3,120 | atr=20 sl=1.5 tp=6.0 embed=20
----------------------------------------------------------------------------------------------------
Trial  33 | score=       -1163 | pts=   -13,762 | wr= 17.2% | pf= 0.49 | trades= 3,120 |     2s

----------------------------------------------------------------------------------------------------
LIVE LEADERBOARD (top 5 by composite score)
  # |        SCORE |        PTS |    WR% |    PF |     TR | params
  1 |        -1163 |    -13,762 |   17.2 |  0.49 |  3,120 | atr=20 sl=1.5 tp=6.0 embed=20
  2 |        -1163 |    -13,762 |   17.2 |  0.49 |  3,120 | atr=20 sl=1.5 tp=6.0 embed=20
  3 |        -1163 |    -13,762 |   17.2 |  0.49 |  3,120 | atr=20 sl=1.5 tp=6.0 embed=20
  4 |        -1163 |    -13,762 |   17.2 |  0.49 |  3,120 | atr=20 sl=1.5 tp=6.0 embed=20
  5 |        -1163 |    -13,762 |   17.2 |  0.49 |  3,120 | atr=20 sl=1.5 tp=6.0 embed=20
----------------------------------------------------------------------------------------------------
Trial  34 | PRUNED (year1 pts=    -4,016) |     1s
Trial  35 | score=       -2550 | pts=   -10,447 | wr= 36.2% | pf= 0.67 | trades= 3,656 |     2s

----------------------------------------------------------------------------------------------------
LIVE LEADERBOARD (top 5 by composite score)
  # |        SCORE |        PTS |    WR% |    PF |     TR | params
  1 |        -1163 |    -13,762 |   17.2 |  0.49 |  3,120 | atr=20 sl=1.5 tp=6.0 embed=20
  2 |        -1163 |    -13,762 |   17.2 |  0.49 |  3,120 | atr=20 sl=1.5 tp=6.0 embed=20
  3 |        -1163 |    -13,762 |   17.2 |  0.49 |  3,120 | atr=20 sl=1.5 tp=6.0 embed=20
  4 |        -1163 |    -13,762 |   17.2 |  0.49 |  3,120 | atr=20 sl=1.5 tp=6.0 embed=20
  5 |        -1163 |    -13,762 |   17.2 |  0.49 |  3,120 | atr=20 sl=1.5 tp=6.0 embed=20
----------------------------------------------------------------------------------------------------
Trial  36 | PRUNED (year1 pts=    -3,738) |     1s
Trial  37 | score=       -1163 | pts=   -13,762 | wr= 17.2% | pf= 0.49 | trades= 3,120 |     2s

----------------------------------------------------------------------------------------------------
LIVE LEADERBOARD (top 5 by composite score)
  # |        SCORE |        PTS |    WR% |    PF |     TR | params
  1 |        -1163 |    -13,762 |   17.2 |  0.49 |  3,120 | atr=20 sl=1.5 tp=6.0 embed=20
  2 |        -1163 |    -13,762 |   17.2 |  0.49 |  3,120 | atr=20 sl=1.5 tp=6.0 embed=20
  3 |        -1163 |    -13,762 |   17.2 |  0.49 |  3,120 | atr=20 sl=1.5 tp=6.0 embed=20
  4 |        -1163 |    -13,762 |   17.2 |  0.49 |  3,120 | atr=20 sl=1.5 tp=6.0 embed=20
  5 |        -1163 |    -13,762 |   17.2 |  0.49 |  3,120 | atr=20 sl=1.5 tp=6.0 embed=20
----------------------------------------------------------------------------------------------------
Trial  38 | PRUNED (year1 pts=    -3,750) |     1s
Trial  39 | PRUNED (year1 pts=    -4,265) |     1s
Trial  40 | PRUNED (year1 pts=    -3,444) |     1s
Trial  41 | score=       -1163 | pts=   -13,762 | wr= 17.2% | pf= 0.49 | trades= 3,120 |     2s

----------------------------------------------------------------------------------------------------
LIVE LEADERBOARD (top 5 by composite score)
  # |        SCORE |        PTS |    WR% |    PF |     TR | params
  1 |        -1163 |    -13,762 |   17.2 |  0.49 |  3,120 | atr=20 sl=1.5 tp=6.0 embed=20
  2 |        -1163 |    -13,762 |   17.2 |  0.49 |  3,120 | atr=20 sl=1.5 tp=6.0 embed=20
  3 |        -1163 |    -13,762 |   17.2 |  0.49 |  3,120 | atr=20 sl=1.5 tp=6.0 embed=20
  4 |        -1163 |    -13,762 |   17.2 |  0.49 |  3,120 | atr=20 sl=1.5 tp=6.0 embed=20
  5 |        -1163 |    -13,762 |   17.2 |  0.49 |  3,120 | atr=20 sl=1.5 tp=6.0 embed=20
----------------------------------------------------------------------------------------------------
Trial  42 | PRUNED (year1 pts=    -3,891) |     1s
Trial  43 | score=       -1163 | pts=   -13,762 | wr= 17.2% | pf= 0.49 | trades= 3,120 |     2s

----------------------------------------------------------------------------------------------------
LIVE LEADERBOARD (top 5 by composite score)
  # |        SCORE |        PTS |    WR% |    PF |     TR | params
  1 |        -1163 |    -13,762 |   17.2 |  0.49 |  3,120 | atr=20 sl=1.5 tp=6.0 embed=20
  2 |        -1163 |    -13,762 |   17.2 |  0.49 |  3,120 | atr=20 sl=1.5 tp=6.0 embed=20
  3 |        -1163 |    -13,762 |   17.2 |  0.49 |  3,120 | atr=20 sl=1.5 tp=6.0 embed=20
  4 |        -1163 |    -13,762 |   17.2 |  0.49 |  3,120 | atr=20 sl=1.5 tp=6.0 embed=20
  5 |        -1163 |    -13,762 |   17.2 |  0.49 |  3,120 | atr=20 sl=1.5 tp=6.0 embed=20
----------------------------------------------------------------------------------------------------
Trial  44 | PRUNED (year1 pts=    -3,593) |     1s
Trial  45 | score=       -2154 | pts=   -10,050 | wr= 31.4% | pf= 0.68 | trades= 4,204 |     2s

----------------------------------------------------------------------------------------------------
LIVE LEADERBOARD (top 5 by composite score)
  # |        SCORE |        PTS |    WR% |    PF |     TR | params
  1 |        -1163 |    -13,762 |   17.2 |  0.49 |  3,120 | atr=20 sl=1.5 tp=6.0 embed=20
  2 |        -1163 |    -13,762 |   17.2 |  0.49 |  3,120 | atr=20 sl=1.5 tp=6.0 embed=20
  3 |        -1163 |    -13,762 |   17.2 |  0.49 |  3,120 | atr=20 sl=1.5 tp=6.0 embed=20
  4 |        -1163 |    -13,762 |   17.2 |  0.49 |  3,120 | atr=20 sl=1.5 tp=6.0 embed=20
  5 |        -1163 |    -13,762 |   17.2 |  0.49 |  3,120 | atr=20 sl=1.5 tp=6.0 embed=20
----------------------------------------------------------------------------------------------------
Trial  46 | PRUNED (year1 pts=    -3,825) |     1s
Trial  47 | score=       -2195 | pts=   -11,082 | wr= 30.2% | pf= 0.66 | trades= 3,480 |     2s

----------------------------------------------------------------------------------------------------
LIVE LEADERBOARD (top 5 by composite score)
  # |        SCORE |        PTS |    WR% |    PF |     TR | params
  1 |        -1163 |    -13,762 |   17.2 |  0.49 |  3,120 | atr=20 sl=1.5 tp=6.0 embed=20
  2 |        -1163 |    -13,762 |   17.2 |  0.49 |  3,120 | atr=20 sl=1.5 tp=6.0 embed=20
  3 |        -1163 |    -13,762 |   17.2 |  0.49 |  3,120 | atr=20 sl=1.5 tp=6.0 embed=20
  4 |        -1163 |    -13,762 |   17.2 |  0.49 |  3,120 | atr=20 sl=1.5 tp=6.0 embed=20
  5 |        -1163 |    -13,762 |   17.2 |  0.49 |  3,120 | atr=20 sl=1.5 tp=6.0 embed=20
----------------------------------------------------------------------------------------------------
Trial  48 | score=       -1528 | pts=   -12,073 | wr= 21.3% | pf= 0.59 | trades= 3,568 |     2s

----------------------------------------------------------------------------------------------------
LIVE LEADERBOARD (top 5 by composite score)
  # |        SCORE |        PTS |    WR% |    PF |     TR | params
  1 |        -1163 |    -13,762 |   17.2 |  0.49 |  3,120 | atr=20 sl=1.5 tp=6.0 embed=20
  2 |        -1163 |    -13,762 |   17.2 |  0.49 |  3,120 | atr=20 sl=1.5 tp=6.0 embed=20
  3 |        -1163 |    -13,762 |   17.2 |  0.49 |  3,120 | atr=20 sl=1.5 tp=6.0 embed=20
  4 |        -1163 |    -13,762 |   17.2 |  0.49 |  3,120 | atr=20 sl=1.5 tp=6.0 embed=20
  5 |        -1163 |    -13,762 |   17.2 |  0.49 |  3,120 | atr=20 sl=1.5 tp=6.0 embed=20
----------------------------------------------------------------------------------------------------
Trial  49 | PRUNED (year1 pts=    -3,770) |     1s
Trial  50 | score=       -1847 | pts=   -12,955 | wr= 24.9% | pf= 0.57 | trades= 3,078 |     2s

----------------------------------------------------------------------------------------------------
LIVE LEADERBOARD (top 5 by composite score)
  # |        SCORE |        PTS |    WR% |    PF |     TR | params
  1 |        -1163 |    -13,762 |   17.2 |  0.49 |  3,120 | atr=20 sl=1.5 tp=6.0 embed=20
  2 |        -1163 |    -13,762 |   17.2 |  0.49 |  3,120 | atr=20 sl=1.5 tp=6.0 embed=20
  3 |        -1163 |    -13,762 |   17.2 |  0.49 |  3,120 | atr=20 sl=1.5 tp=6.0 embed=20
  4 |        -1163 |    -13,762 |   17.2 |  0.49 |  3,120 | atr=20 sl=1.5 tp=6.0 embed=20
  5 |        -1163 |    -13,762 |   17.2 |  0.49 |  3,120 | atr=20 sl=1.5 tp=6.0 embed=20
----------------------------------------------------------------------------------------------------
Trial  51 | score=       -1163 | pts=   -13,762 | wr= 17.2% | pf= 0.49 | trades= 3,120 |     2s

----------------------------------------------------------------------------------------------------
LIVE LEADERBOARD (top 5 by composite score)
  # |        SCORE |        PTS |    WR% |    PF |     TR | params
  1 |        -1163 |    -13,762 |   17.2 |  0.49 |  3,120 | atr=20 sl=1.5 tp=6.0 embed=20
  2 |        -1163 |    -13,762 |   17.2 |  0.49 |  3,120 | atr=20 sl=1.5 tp=6.0 embed=20
  3 |        -1163 |    -13,762 |   17.2 |  0.49 |  3,120 | atr=20 sl=1.5 tp=6.0 embed=20
  4 |        -1163 |    -13,762 |   17.2 |  0.49 |  3,120 | atr=20 sl=1.5 tp=6.0 embed=20
  5 |        -1163 |    -13,762 |   17.2 |  0.49 |  3,120 | atr=20 sl=1.5 tp=6.0 embed=20
----------------------------------------------------------------------------------------------------
Trial  52 | score=       -1163 | pts=   -13,762 | wr= 17.2% | pf= 0.49 | trades= 3,120 |     2s

----------------------------------------------------------------------------------------------------
LIVE LEADERBOARD (top 5 by composite score)
  # |        SCORE |        PTS |    WR% |    PF |     TR | params
  1 |        -1163 |    -13,762 |   17.2 |  0.49 |  3,120 | atr=20 sl=1.5 tp=6.0 embed=20
  2 |        -1163 |    -13,762 |   17.2 |  0.49 |  3,120 | atr=20 sl=1.5 tp=6.0 embed=20
  3 |        -1163 |    -13,762 |   17.2 |  0.49 |  3,120 | atr=20 sl=1.5 tp=6.0 embed=20
  4 |        -1163 |    -13,762 |   17.2 |  0.49 |  3,120 | atr=20 sl=1.5 tp=6.0 embed=20
  5 |        -1163 |    -13,762 |   17.2 |  0.49 |  3,120 | atr=20 sl=1.5 tp=6.0 embed=20
----------------------------------------------------------------------------------------------------
Trial  53 | score=       -1163 | pts=   -13,762 | wr= 17.2% | pf= 0.49 | trades= 3,120 |     2s

----------------------------------------------------------------------------------------------------
LIVE LEADERBOARD (top 5 by composite score)
  # |        SCORE |        PTS |    WR% |    PF |     TR | params
  1 |        -1163 |    -13,762 |   17.2 |  0.49 |  3,120 | atr=20 sl=1.5 tp=6.0 embed=20
  2 |        -1163 |    -13,762 |   17.2 |  0.49 |  3,120 | atr=20 sl=1.5 tp=6.0 embed=20
  3 |        -1163 |    -13,762 |   17.2 |  0.49 |  3,120 | atr=20 sl=1.5 tp=6.0 embed=20
  4 |        -1163 |    -13,762 |   17.2 |  0.49 |  3,120 | atr=20 sl=1.5 tp=6.0 embed=20
  5 |        -1163 |    -13,762 |   17.2 |  0.49 |  3,120 | atr=20 sl=1.5 tp=6.0 embed=20
----------------------------------------------------------------------------------------------------
Trial  54 | PRUNED (year1 pts=    -3,891) |     1s
Trial  55 | PRUNED (year1 pts=    -3,696) |     1s
Trial  56 | score=       -1886 | pts=   -11,420 | wr= 25.7% | pf= 0.64 | trades= 3,969 |     2s

----------------------------------------------------------------------------------------------------
LIVE LEADERBOARD (top 5 by composite score)
  # |        SCORE |        PTS |    WR% |    PF |     TR | params
  1 |        -1163 |    -13,762 |   17.2 |  0.49 |  3,120 | atr=20 sl=1.5 tp=6.0 embed=20
  2 |        -1163 |    -13,762 |   17.2 |  0.49 |  3,120 | atr=20 sl=1.5 tp=6.0 embed=20
  3 |        -1163 |    -13,762 |   17.2 |  0.49 |  3,120 | atr=20 sl=1.5 tp=6.0 embed=20
  4 |        -1163 |    -13,762 |   17.2 |  0.49 |  3,120 | atr=20 sl=1.5 tp=6.0 embed=20
  5 |        -1163 |    -13,762 |   17.2 |  0.49 |  3,120 | atr=20 sl=1.5 tp=6.0 embed=20
----------------------------------------------------------------------------------------------------
Trial  57 | score=       -1508 | pts=   -12,099 | wr= 21.4% | pf= 0.58 | trades= 3,438 |     2s

----------------------------------------------------------------------------------------------------
LIVE LEADERBOARD (top 5 by composite score)
  # |        SCORE |        PTS |    WR% |    PF |     TR | params
  1 |        -1163 |    -13,762 |   17.2 |  0.49 |  3,120 | atr=20 sl=1.5 tp=6.0 embed=20
  2 |        -1163 |    -13,762 |   17.2 |  0.49 |  3,120 | atr=20 sl=1.5 tp=6.0 embed=20
  3 |        -1163 |    -13,762 |   17.2 |  0.49 |  3,120 | atr=20 sl=1.5 tp=6.0 embed=20
  4 |        -1163 |    -13,762 |   17.2 |  0.49 |  3,120 | atr=20 sl=1.5 tp=6.0 embed=20
  5 |        -1163 |    -13,762 |   17.2 |  0.49 |  3,120 | atr=20 sl=1.5 tp=6.0 embed=20
----------------------------------------------------------------------------------------------------
Trial  58 | PRUNED (year1 pts=    -4,410) |     1s
Trial  59 | PRUNED (year1 pts=    -3,717) |     1s
Trial  60 | score=       -2276 | pts=   -11,755 | wr= 30.1% | pf= 0.64 | trades= 3,511 |     2s

----------------------------------------------------------------------------------------------------
LIVE LEADERBOARD (top 5 by composite score)
  # |        SCORE |        PTS |    WR% |    PF |     TR | params
  1 |        -1163 |    -13,762 |   17.2 |  0.49 |  3,120 | atr=20 sl=1.5 tp=6.0 embed=20
  2 |        -1163 |    -13,762 |   17.2 |  0.49 |  3,120 | atr=20 sl=1.5 tp=6.0 embed=20
  3 |        -1163 |    -13,762 |   17.2 |  0.49 |  3,120 | atr=20 sl=1.5 tp=6.0 embed=20
  4 |        -1163 |    -13,762 |   17.2 |  0.49 |  3,120 | atr=20 sl=1.5 tp=6.0 embed=20
  5 |        -1163 |    -13,762 |   17.2 |  0.49 |  3,120 | atr=20 sl=1.5 tp=6.0 embed=20
----------------------------------------------------------------------------------------------------
Trial  61 | score=       -1163 | pts=   -13,762 | wr= 17.2% | pf= 0.49 | trades= 3,120 |     2s

----------------------------------------------------------------------------------------------------
LIVE LEADERBOARD (top 5 by composite score)
  # |        SCORE |        PTS |    WR% |    PF |     TR | params
  1 |        -1163 |    -13,762 |   17.2 |  0.49 |  3,120 | atr=20 sl=1.5 tp=6.0 embed=20
  2 |        -1163 |    -13,762 |   17.2 |  0.49 |  3,120 | atr=20 sl=1.5 tp=6.0 embed=20
  3 |        -1163 |    -13,762 |   17.2 |  0.49 |  3,120 | atr=20 sl=1.5 tp=6.0 embed=20
  4 |        -1163 |    -13,762 |   17.2 |  0.49 |  3,120 | atr=20 sl=1.5 tp=6.0 embed=20
  5 |        -1163 |    -13,762 |   17.2 |  0.49 |  3,120 | atr=20 sl=1.5 tp=6.0 embed=20
----------------------------------------------------------------------------------------------------
Trial  62 | PRUNED (year1 pts=    -3,298) |     1s
Trial  63 | score=       -2237 | pts=   -10,580 | wr= 31.3% | pf= 0.68 | trades= 4,347 |     2s

----------------------------------------------------------------------------------------------------
LIVE LEADERBOARD (top 5 by composite score)
  # |        SCORE |        PTS |    WR% |    PF |     TR | params
  1 |        -1163 |    -13,762 |   17.2 |  0.49 |  3,120 | atr=20 sl=1.5 tp=6.0 embed=20
  2 |        -1163 |    -13,762 |   17.2 |  0.49 |  3,120 | atr=20 sl=1.5 tp=6.0 embed=20
  3 |        -1163 |    -13,762 |   17.2 |  0.49 |  3,120 | atr=20 sl=1.5 tp=6.0 embed=20
  4 |        -1163 |    -13,762 |   17.2 |  0.49 |  3,120 | atr=20 sl=1.5 tp=6.0 embed=20
  5 |        -1163 |    -13,762 |   17.2 |  0.49 |  3,120 | atr=20 sl=1.5 tp=6.0 embed=20
----------------------------------------------------------------------------------------------------
Trial  64 | score=       -1163 | pts=   -13,762 | wr= 17.2% | pf= 0.49 | trades= 3,120 |     2s

----------------------------------------------------------------------------------------------------
LIVE LEADERBOARD (top 5 by composite score)
  # |        SCORE |        PTS |    WR% |    PF |     TR | params
  1 |        -1163 |    -13,762 |   17.2 |  0.49 |  3,120 | atr=20 sl=1.5 tp=6.0 embed=20
  2 |        -1163 |    -13,762 |   17.2 |  0.49 |  3,120 | atr=20 sl=1.5 tp=6.0 embed=20
  3 |        -1163 |    -13,762 |   17.2 |  0.49 |  3,120 | atr=20 sl=1.5 tp=6.0 embed=20
  4 |        -1163 |    -13,762 |   17.2 |  0.49 |  3,120 | atr=20 sl=1.5 tp=6.0 embed=20
  5 |        -1163 |    -13,762 |   17.2 |  0.49 |  3,120 | atr=20 sl=1.5 tp=6.0 embed=20
----------------------------------------------------------------------------------------------------
Trial  65 | PRUNED (year1 pts=    -3,930) |     1s
Trial  66 | PRUNED (year1 pts=    -4,028) |     1s
Trial  67 | score=       -1793 | pts=   -10,945 | wr= 25.6% | pf= 0.64 | trades= 3,752 |     2s

----------------------------------------------------------------------------------------------------
LIVE LEADERBOARD (top 5 by composite score)
  # |        SCORE |        PTS |    WR% |    PF |     TR | params
  1 |        -1163 |    -13,762 |   17.2 |  0.49 |  3,120 | atr=20 sl=1.5 tp=6.0 embed=20
  2 |        -1163 |    -13,762 |   17.2 |  0.49 |  3,120 | atr=20 sl=1.5 tp=6.0 embed=20
  3 |        -1163 |    -13,762 |   17.2 |  0.49 |  3,120 | atr=20 sl=1.5 tp=6.0 embed=20
  4 |        -1163 |    -13,762 |   17.2 |  0.49 |  3,120 | atr=20 sl=1.5 tp=6.0 embed=20
  5 |        -1163 |    -13,762 |   17.2 |  0.49 |  3,120 | atr=20 sl=1.5 tp=6.0 embed=20
----------------------------------------------------------------------------------------------------
Trial  68 | PRUNED (year1 pts=    -3,516) |     1s
Trial  69 | PRUNED (year1 pts=    -4,123) |     1s
Trial  70 | PRUNED (year1 pts=    -3,349) |     1s
Trial  71 | score=       -1163 | pts=   -13,762 | wr= 17.2% | pf= 0.49 | trades= 3,120 |     2s

----------------------------------------------------------------------------------------------------
LIVE LEADERBOARD (top 5 by composite score)
  # |        SCORE |        PTS |    WR% |    PF |     TR | params
  1 |        -1163 |    -13,762 |   17.2 |  0.49 |  3,120 | atr=20 sl=1.5 tp=6.0 embed=20
  2 |        -1163 |    -13,762 |   17.2 |  0.49 |  3,120 | atr=20 sl=1.5 tp=6.0 embed=20
  3 |        -1163 |    -13,762 |   17.2 |  0.49 |  3,120 | atr=20 sl=1.5 tp=6.0 embed=20
  4 |        -1163 |    -13,762 |   17.2 |  0.49 |  3,120 | atr=20 sl=1.5 tp=6.0 embed=20
  5 |        -1163 |    -13,762 |   17.2 |  0.49 |  3,120 | atr=20 sl=1.5 tp=6.0 embed=20
----------------------------------------------------------------------------------------------------
Trial  72 | score=       -1485 | pts=   -11,923 | wr= 21.2% | pf= 0.59 | trades= 3,449 |     2s

----------------------------------------------------------------------------------------------------
LIVE LEADERBOARD (top 5 by composite score)
  # |        SCORE |        PTS |    WR% |    PF |     TR | params
  1 |        -1163 |    -13,762 |   17.2 |  0.49 |  3,120 | atr=20 sl=1.5 tp=6.0 embed=20
  2 |        -1163 |    -13,762 |   17.2 |  0.49 |  3,120 | atr=20 sl=1.5 tp=6.0 embed=20
  3 |        -1163 |    -13,762 |   17.2 |  0.49 |  3,120 | atr=20 sl=1.5 tp=6.0 embed=20
  4 |        -1163 |    -13,762 |   17.2 |  0.49 |  3,120 | atr=20 sl=1.5 tp=6.0 embed=20
  5 |        -1163 |    -13,762 |   17.2 |  0.49 |  3,120 | atr=20 sl=1.5 tp=6.0 embed=20
----------------------------------------------------------------------------------------------------
Trial  73 | PRUNED (year1 pts=    -3,549) |     1s
Trial  74 | score=       -1163 | pts=   -13,762 | wr= 17.2% | pf= 0.49 | trades= 3,120 |     2s

----------------------------------------------------------------------------------------------------
LIVE LEADERBOARD (top 5 by composite score)
  # |        SCORE |        PTS |    WR% |    PF |     TR | params
  1 |        -1163 |    -13,762 |   17.2 |  0.49 |  3,120 | atr=20 sl=1.5 tp=6.0 embed=20
  2 |        -1163 |    -13,762 |   17.2 |  0.49 |  3,120 | atr=20 sl=1.5 tp=6.0 embed=20
  3 |        -1163 |    -13,762 |   17.2 |  0.49 |  3,120 | atr=20 sl=1.5 tp=6.0 embed=20
  4 |        -1163 |    -13,762 |   17.2 |  0.49 |  3,120 | atr=20 sl=1.5 tp=6.0 embed=20
  5 |        -1163 |    -13,762 |   17.2 |  0.49 |  3,120 | atr=20 sl=1.5 tp=6.0 embed=20
----------------------------------------------------------------------------------------------------
Trial  75 | PRUNED (year1 pts=    -3,440) |     1s
Trial  76 | PRUNED (year1 pts=    -3,648) |     1s
Trial  77 | score=       -1751 | pts=   -10,575 | wr= 25.6% | pf= 0.65 | trades= 3,741 |     2s

----------------------------------------------------------------------------------------------------
LIVE LEADERBOARD (top 5 by composite score)
  # |        SCORE |        PTS |    WR% |    PF |     TR | params
  1 |        -1163 |    -13,762 |   17.2 |  0.49 |  3,120 | atr=20 sl=1.5 tp=6.0 embed=20
  2 |        -1163 |    -13,762 |   17.2 |  0.49 |  3,120 | atr=20 sl=1.5 tp=6.0 embed=20
  3 |        -1163 |    -13,762 |   17.2 |  0.49 |  3,120 | atr=20 sl=1.5 tp=6.0 embed=20
  4 |        -1163 |    -13,762 |   17.2 |  0.49 |  3,120 | atr=20 sl=1.5 tp=6.0 embed=20
  5 |        -1163 |    -13,762 |   17.2 |  0.49 |  3,120 | atr=20 sl=1.5 tp=6.0 embed=20
----------------------------------------------------------------------------------------------------
Trial  78 | score=       -2063 | pts=    -9,660 | wr= 31.4% | pf= 0.68 | trades= 4,030 |     2s

----------------------------------------------------------------------------------------------------
LIVE LEADERBOARD (top 5 by composite score)
  # |        SCORE |        PTS |    WR% |    PF |     TR | params
  1 |        -1163 |    -13,762 |   17.2 |  0.49 |  3,120 | atr=20 sl=1.5 tp=6.0 embed=20
  2 |        -1163 |    -13,762 |   17.2 |  0.49 |  3,120 | atr=20 sl=1.5 tp=6.0 embed=20
  3 |        -1163 |    -13,762 |   17.2 |  0.49 |  3,120 | atr=20 sl=1.5 tp=6.0 embed=20
  4 |        -1163 |    -13,762 |   17.2 |  0.49 |  3,120 | atr=20 sl=1.5 tp=6.0 embed=20
  5 |        -1163 |    -13,762 |   17.2 |  0.49 |  3,120 | atr=20 sl=1.5 tp=6.0 embed=20
----------------------------------------------------------------------------------------------------
Trial  79 | PRUNED (year1 pts=    -3,470) |     1s
Trial  80 | PRUNED (year1 pts=    -4,236) |     1s
Trial  81 | score=       -1163 | pts=   -13,762 | wr= 17.2% | pf= 0.49 | trades= 3,120 |     2s

----------------------------------------------------------------------------------------------------
LIVE LEADERBOARD (top 5 by composite score)
  # |        SCORE |        PTS |    WR% |    PF |     TR | params
  1 |        -1163 |    -13,762 |   17.2 |  0.49 |  3,120 | atr=20 sl=1.5 tp=6.0 embed=20
  2 |        -1163 |    -13,762 |   17.2 |  0.49 |  3,120 | atr=20 sl=1.5 tp=6.0 embed=20
  3 |        -1163 |    -13,762 |   17.2 |  0.49 |  3,120 | atr=20 sl=1.5 tp=6.0 embed=20
  4 |        -1163 |    -13,762 |   17.2 |  0.49 |  3,120 | atr=20 sl=1.5 tp=6.0 embed=20
  5 |        -1163 |    -13,762 |   17.2 |  0.49 |  3,120 | atr=20 sl=1.5 tp=6.0 embed=20
----------------------------------------------------------------------------------------------------
Trial  82 | PRUNED (year1 pts=    -3,847) |     1s
Trial  83 | score=       -2060 | pts=    -9,667 | wr= 31.4% | pf= 0.68 | trades= 4,005 |     2s

----------------------------------------------------------------------------------------------------
LIVE LEADERBOARD (top 5 by composite score)
  # |        SCORE |        PTS |    WR% |    PF |     TR | params
  1 |        -1163 |    -13,762 |   17.2 |  0.49 |  3,120 | atr=20 sl=1.5 tp=6.0 embed=20
  2 |        -1163 |    -13,762 |   17.2 |  0.49 |  3,120 | atr=20 sl=1.5 tp=6.0 embed=20
  3 |        -1163 |    -13,762 |   17.2 |  0.49 |  3,120 | atr=20 sl=1.5 tp=6.0 embed=20
  4 |        -1163 |    -13,762 |   17.2 |  0.49 |  3,120 | atr=20 sl=1.5 tp=6.0 embed=20
  5 |        -1163 |    -13,762 |   17.2 |  0.49 |  3,120 | atr=20 sl=1.5 tp=6.0 embed=20
----------------------------------------------------------------------------------------------------
Trial  84 | PRUNED (year1 pts=    -3,630) |     1s
Trial  85 | PRUNED (year1 pts=    -3,917) |     1s
Trial  86 | score=       -1163 | pts=   -13,762 | wr= 17.2% | pf= 0.49 | trades= 3,120 |     2s

----------------------------------------------------------------------------------------------------
LIVE LEADERBOARD (top 5 by composite score)
  # |        SCORE |        PTS |    WR% |    PF |     TR | params
  1 |        -1163 |    -13,762 |   17.2 |  0.49 |  3,120 | atr=20 sl=1.5 tp=6.0 embed=20
  2 |        -1163 |    -13,762 |   17.2 |  0.49 |  3,120 | atr=20 sl=1.5 tp=6.0 embed=20
  3 |        -1163 |    -13,762 |   17.2 |  0.49 |  3,120 | atr=20 sl=1.5 tp=6.0 embed=20
  4 |        -1163 |    -13,762 |   17.2 |  0.49 |  3,120 | atr=20 sl=1.5 tp=6.0 embed=20
  5 |        -1163 |    -13,762 |   17.2 |  0.49 |  3,120 | atr=20 sl=1.5 tp=6.0 embed=20
----------------------------------------------------------------------------------------------------
Trial  87 | PRUNED (year1 pts=    -3,562) |     1s
Trial  88 | PRUNED (year1 pts=    -3,497) |     1s
Trial  89 | PRUNED (year1 pts=    -3,731) |     1s
Trial  90 | score=       -1163 | pts=   -13,762 | wr= 17.2% | pf= 0.49 | trades= 3,120 |     2s

----------------------------------------------------------------------------------------------------
LIVE LEADERBOARD (top 5 by composite score)
  # |        SCORE |        PTS |    WR% |    PF |     TR | params
  1 |        -1163 |    -13,762 |   17.2 |  0.49 |  3,120 | atr=20 sl=1.5 tp=6.0 embed=20
  2 |        -1163 |    -13,762 |   17.2 |  0.49 |  3,120 | atr=20 sl=1.5 tp=6.0 embed=20
  3 |        -1163 |    -13,762 |   17.2 |  0.49 |  3,120 | atr=20 sl=1.5 tp=6.0 embed=20
  4 |        -1163 |    -13,762 |   17.2 |  0.49 |  3,120 | atr=20 sl=1.5 tp=6.0 embed=20
  5 |        -1163 |    -13,762 |   17.2 |  0.49 |  3,120 | atr=20 sl=1.5 tp=6.0 embed=20
----------------------------------------------------------------------------------------------------
Trial  91 | PRUNED (year1 pts=    -4,016) |     1s
Trial  92 | score=       -1163 | pts=   -13,762 | wr= 17.2% | pf= 0.49 | trades= 3,120 |     2s

----------------------------------------------------------------------------------------------------
LIVE LEADERBOARD (top 5 by composite score)
  # |        SCORE |        PTS |    WR% |    PF |     TR | params
  1 |        -1163 |    -13,762 |   17.2 |  0.49 |  3,120 | atr=20 sl=1.5 tp=6.0 embed=20
  2 |        -1163 |    -13,762 |   17.2 |  0.49 |  3,120 | atr=20 sl=1.5 tp=6.0 embed=20
  3 |        -1163 |    -13,762 |   17.2 |  0.49 |  3,120 | atr=20 sl=1.5 tp=6.0 embed=20
  4 |        -1163 |    -13,762 |   17.2 |  0.49 |  3,120 | atr=20 sl=1.5 tp=6.0 embed=20
  5 |        -1163 |    -13,762 |   17.2 |  0.49 |  3,120 | atr=20 sl=1.5 tp=6.0 embed=20
----------------------------------------------------------------------------------------------------
Trial  93 | score=       -1163 | pts=   -13,762 | wr= 17.2% | pf= 0.49 | trades= 3,120 |     2s

----------------------------------------------------------------------------------------------------
LIVE LEADERBOARD (top 5 by composite score)
  # |        SCORE |        PTS |    WR% |    PF |     TR | params
  1 |        -1163 |    -13,762 |   17.2 |  0.49 |  3,120 | atr=20 sl=1.5 tp=6.0 embed=20
  2 |        -1163 |    -13,762 |   17.2 |  0.49 |  3,120 | atr=20 sl=1.5 tp=6.0 embed=20
  3 |        -1163 |    -13,762 |   17.2 |  0.49 |  3,120 | atr=20 sl=1.5 tp=6.0 embed=20
  4 |        -1163 |    -13,762 |   17.2 |  0.49 |  3,120 | atr=20 sl=1.5 tp=6.0 embed=20
  5 |        -1163 |    -13,762 |   17.2 |  0.49 |  3,120 | atr=20 sl=1.5 tp=6.0 embed=20
----------------------------------------------------------------------------------------------------
Trial  94 | score=       -1825 | pts=   -10,981 | wr= 25.7% | pf= 0.65 | trades= 3,860 |     2s

----------------------------------------------------------------------------------------------------
LIVE LEADERBOARD (top 5 by composite score)
  # |        SCORE |        PTS |    WR% |    PF |     TR | params
  1 |        -1163 |    -13,762 |   17.2 |  0.49 |  3,120 | atr=20 sl=1.5 tp=6.0 embed=20
  2 |        -1163 |    -13,762 |   17.2 |  0.49 |  3,120 | atr=20 sl=1.5 tp=6.0 embed=20
  3 |        -1163 |    -13,762 |   17.2 |  0.49 |  3,120 | atr=20 sl=1.5 tp=6.0 embed=20
  4 |        -1163 |    -13,762 |   17.2 |  0.49 |  3,120 | atr=20 sl=1.5 tp=6.0 embed=20
  5 |        -1163 |    -13,762 |   17.2 |  0.49 |  3,120 | atr=20 sl=1.5 tp=6.0 embed=20
----------------------------------------------------------------------------------------------------
Trial  95 | score=       -1571 | pts=   -12,357 | wr= 21.4% | pf= 0.59 | trades= 3,664 |     2s

----------------------------------------------------------------------------------------------------
LIVE LEADERBOARD (top 5 by composite score)
  # |        SCORE |        PTS |    WR% |    PF |     TR | params
  1 |        -1163 |    -13,762 |   17.2 |  0.49 |  3,120 | atr=20 sl=1.5 tp=6.0 embed=20
  2 |        -1163 |    -13,762 |   17.2 |  0.49 |  3,120 | atr=20 sl=1.5 tp=6.0 embed=20
  3 |        -1163 |    -13,762 |   17.2 |  0.49 |  3,120 | atr=20 sl=1.5 tp=6.0 embed=20
  4 |        -1163 |    -13,762 |   17.2 |  0.49 |  3,120 | atr=20 sl=1.5 tp=6.0 embed=20
  5 |        -1163 |    -13,762 |   17.2 |  0.49 |  3,120 | atr=20 sl=1.5 tp=6.0 embed=20
----------------------------------------------------------------------------------------------------
Trial  96 | score=       -1508 | pts=   -12,122 | wr= 21.3% | pf= 0.58 | trades= 3,462 |     2s

----------------------------------------------------------------------------------------------------
LIVE LEADERBOARD (top 5 by composite score)
  # |        SCORE |        PTS |    WR% |    PF |     TR | params
  1 |        -1163 |    -13,762 |   17.2 |  0.49 |  3,120 | atr=20 sl=1.5 tp=6.0 embed=20
  2 |        -1163 |    -13,762 |   17.2 |  0.49 |  3,120 | atr=20 sl=1.5 tp=6.0 embed=20
  3 |        -1163 |    -13,762 |   17.2 |  0.49 |  3,120 | atr=20 sl=1.5 tp=6.0 embed=20
  4 |        -1163 |    -13,762 |   17.2 |  0.49 |  3,120 | atr=20 sl=1.5 tp=6.0 embed=20
  5 |        -1163 |    -13,762 |   17.2 |  0.49 |  3,120 | atr=20 sl=1.5 tp=6.0 embed=20
----------------------------------------------------------------------------------------------------
Trial  97 | score=       -1163 | pts=   -13,762 | wr= 17.2% | pf= 0.49 | trades= 3,120 |     2s

----------------------------------------------------------------------------------------------------
LIVE LEADERBOARD (top 5 by composite score)
  # |        SCORE |        PTS |    WR% |    PF |     TR | params
  1 |        -1163 |    -13,762 |   17.2 |  0.49 |  3,120 | atr=20 sl=1.5 tp=6.0 embed=20
  2 |        -1163 |    -13,762 |   17.2 |  0.49 |  3,120 | atr=20 sl=1.5 tp=6.0 embed=20
  3 |        -1163 |    -13,762 |   17.2 |  0.49 |  3,120 | atr=20 sl=1.5 tp=6.0 embed=20
  4 |        -1163 |    -13,762 |   17.2 |  0.49 |  3,120 | atr=20 sl=1.5 tp=6.0 embed=20
  5 |        -1163 |    -13,762 |   17.2 |  0.49 |  3,120 | atr=20 sl=1.5 tp=6.0 embed=20
----------------------------------------------------------------------------------------------------
Trial  98 | score=       -1163 | pts=   -13,762 | wr= 17.2% | pf= 0.49 | trades= 3,120 |     2s

----------------------------------------------------------------------------------------------------
LIVE LEADERBOARD (top 5 by composite score)
  # |        SCORE |        PTS |    WR% |    PF |     TR | params
  1 |        -1163 |    -13,762 |   17.2 |  0.49 |  3,120 | atr=20 sl=1.5 tp=6.0 embed=20
  2 |        -1163 |    -13,762 |   17.2 |  0.49 |  3,120 | atr=20 sl=1.5 tp=6.0 embed=20
  3 |        -1163 |    -13,762 |   17.2 |  0.49 |  3,120 | atr=20 sl=1.5 tp=6.0 embed=20
  4 |        -1163 |    -13,762 |   17.2 |  0.49 |  3,120 | atr=20 sl=1.5 tp=6.0 embed=20
  5 |        -1163 |    -13,762 |   17.2 |  0.49 |  3,120 | atr=20 sl=1.5 tp=6.0 embed=20
----------------------------------------------------------------------------------------------------
Trial  99 | score=       -2112 | pts=   -10,995 | wr= 29.7% | pf= 0.65 | trades= 3,358 |     2s

----------------------------------------------------------------------------------------------------
LIVE LEADERBOARD (top 5 by composite score)
  # |        SCORE |        PTS |    WR% |    PF |     TR | params
  1 |        -1163 |    -13,762 |   17.2 |  0.49 |  3,120 | atr=20 sl=1.5 tp=6.0 embed=20
  2 |        -1163 |    -13,762 |   17.2 |  0.49 |  3,120 | atr=20 sl=1.5 tp=6.0 embed=20
  3 |        -1163 |    -13,762 |   17.2 |  0.49 |  3,120 | atr=20 sl=1.5 tp=6.0 embed=20
  4 |        -1163 |    -13,762 |   17.2 |  0.49 |  3,120 | atr=20 sl=1.5 tp=6.0 embed=20
  5 |        -1163 |    -13,762 |   17.2 |  0.49 |  3,120 | atr=20 sl=1.5 tp=6.0 embed=20
----------------------------------------------------------------------------------------------------
Trial 100 | PRUNED (year1 pts=    -4,289) |     1s
Trial 101 | score=       -1163 | pts=   -13,762 | wr= 17.2% | pf= 0.49 | trades= 3,120 |     2s

----------------------------------------------------------------------------------------------------
LIVE LEADERBOARD (top 5 by composite score)
  # |        SCORE |        PTS |    WR% |    PF |     TR | params
  1 |        -1163 |    -13,762 |   17.2 |  0.49 |  3,120 | atr=20 sl=1.5 tp=6.0 embed=20
  2 |        -1163 |    -13,762 |   17.2 |  0.49 |  3,120 | atr=20 sl=1.5 tp=6.0 embed=20
  3 |        -1163 |    -13,762 |   17.2 |  0.49 |  3,120 | atr=20 sl=1.5 tp=6.0 embed=20
  4 |        -1163 |    -13,762 |   17.2 |  0.49 |  3,120 | atr=20 sl=1.5 tp=6.0 embed=20
  5 |        -1163 |    -13,762 |   17.2 |  0.49 |  3,120 | atr=20 sl=1.5 tp=6.0 embed=20
----------------------------------------------------------------------------------------------------
Trial 102 | score=       -1163 | pts=   -13,762 | wr= 17.2% | pf= 0.49 | trades= 3,120 |     2s

----------------------------------------------------------------------------------------------------
LIVE LEADERBOARD (top 5 by composite score)
  # |        SCORE |        PTS |    WR% |    PF |     TR | params
  1 |        -1163 |    -13,762 |   17.2 |  0.49 |  3,120 | atr=20 sl=1.5 tp=6.0 embed=20
  2 |        -1163 |    -13,762 |   17.2 |  0.49 |  3,120 | atr=20 sl=1.5 tp=6.0 embed=20
  3 |        -1163 |    -13,762 |   17.2 |  0.49 |  3,120 | atr=20 sl=1.5 tp=6.0 embed=20
  4 |        -1163 |    -13,762 |   17.2 |  0.49 |  3,120 | atr=20 sl=1.5 tp=6.0 embed=20
  5 |        -1163 |    -13,762 |   17.2 |  0.49 |  3,120 | atr=20 sl=1.5 tp=6.0 embed=20
----------------------------------------------------------------------------------------------------
Trial 103 | score=       -1163 | pts=   -13,762 | wr= 17.2% | pf= 0.49 | trades= 3,120 |     2s

----------------------------------------------------------------------------------------------------
LIVE LEADERBOARD (top 5 by composite score)
  # |        SCORE |        PTS |    WR% |    PF |     TR | params
  1 |        -1163 |    -13,762 |   17.2 |  0.49 |  3,120 | atr=20 sl=1.5 tp=6.0 embed=20
  2 |        -1163 |    -13,762 |   17.2 |  0.49 |  3,120 | atr=20 sl=1.5 tp=6.0 embed=20
  3 |        -1163 |    -13,762 |   17.2 |  0.49 |  3,120 | atr=20 sl=1.5 tp=6.0 embed=20
  4 |        -1163 |    -13,762 |   17.2 |  0.49 |  3,120 | atr=20 sl=1.5 tp=6.0 embed=20
  5 |        -1163 |    -13,762 |   17.2 |  0.49 |  3,120 | atr=20 sl=1.5 tp=6.0 embed=20
----------------------------------------------------------------------------------------------------
Trial 104 | score=       -1163 | pts=   -13,762 | wr= 17.2% | pf= 0.49 | trades= 3,120 |     2s

----------------------------------------------------------------------------------------------------
LIVE LEADERBOARD (top 5 by composite score)
  # |        SCORE |        PTS |    WR% |    PF |     TR | params
  1 |        -1163 |    -13,762 |   17.2 |  0.49 |  3,120 | atr=20 sl=1.5 tp=6.0 embed=20
  2 |        -1163 |    -13,762 |   17.2 |  0.49 |  3,120 | atr=20 sl=1.5 tp=6.0 embed=20
  3 |        -1163 |    -13,762 |   17.2 |  0.49 |  3,120 | atr=20 sl=1.5 tp=6.0 embed=20
  4 |        -1163 |    -13,762 |   17.2 |  0.49 |  3,120 | atr=20 sl=1.5 tp=6.0 embed=20
  5 |        -1163 |    -13,762 |   17.2 |  0.49 |  3,120 | atr=20 sl=1.5 tp=6.0 embed=20
----------------------------------------------------------------------------------------------------
Trial 105 | score=       -1163 | pts=   -13,762 | wr= 17.2% | pf= 0.49 | trades= 3,120 |     2s

----------------------------------------------------------------------------------------------------
LIVE LEADERBOARD (top 5 by composite score)
  # |        SCORE |        PTS |    WR% |    PF |     TR | params
  1 |        -1163 |    -13,762 |   17.2 |  0.49 |  3,120 | atr=20 sl=1.5 tp=6.0 embed=20
  2 |        -1163 |    -13,762 |   17.2 |  0.49 |  3,120 | atr=20 sl=1.5 tp=6.0 embed=20
  3 |        -1163 |    -13,762 |   17.2 |  0.49 |  3,120 | atr=20 sl=1.5 tp=6.0 embed=20
  4 |        -1163 |    -13,762 |   17.2 |  0.49 |  3,120 | atr=20 sl=1.5 tp=6.0 embed=20
  5 |        -1163 |    -13,762 |   17.2 |  0.49 |  3,120 | atr=20 sl=1.5 tp=6.0 embed=20
----------------------------------------------------------------------------------------------------
Trial 106 | score=       -1163 | pts=   -13,762 | wr= 17.2% | pf= 0.49 | trades= 3,120 |     2s

----------------------------------------------------------------------------------------------------
LIVE LEADERBOARD (top 5 by composite score)
  # |        SCORE |        PTS |    WR% |    PF |     TR | params
  1 |        -1163 |    -13,762 |   17.2 |  0.49 |  3,120 | atr=20 sl=1.5 tp=6.0 embed=20
  2 |        -1163 |    -13,762 |   17.2 |  0.49 |  3,120 | atr=20 sl=1.5 tp=6.0 embed=20
  3 |        -1163 |    -13,762 |   17.2 |  0.49 |  3,120 | atr=20 sl=1.5 tp=6.0 embed=20
  4 |        -1163 |    -13,762 |   17.2 |  0.49 |  3,120 | atr=20 sl=1.5 tp=6.0 embed=20
  5 |        -1163 |    -13,762 |   17.2 |  0.49 |  3,120 | atr=20 sl=1.5 tp=6.0 embed=20
----------------------------------------------------------------------------------------------------
Trial 107 | PRUNED (year1 pts=    -3,725) |     1s
Trial 108 | PRUNED (year1 pts=    -3,516) |     1s
Trial 109 | score=       -1163 | pts=   -13,762 | wr= 17.2% | pf= 0.49 | trades= 3,120 |     2s

----------------------------------------------------------------------------------------------------
LIVE LEADERBOARD (top 5 by composite score)
  # |        SCORE |        PTS |    WR% |    PF |     TR | params
  1 |        -1163 |    -13,762 |   17.2 |  0.49 |  3,120 | atr=20 sl=1.5 tp=6.0 embed=20
  2 |        -1163 |    -13,762 |   17.2 |  0.49 |  3,120 | atr=20 sl=1.5 tp=6.0 embed=20
  3 |        -1163 |    -13,762 |   17.2 |  0.49 |  3,120 | atr=20 sl=1.5 tp=6.0 embed=20
  4 |        -1163 |    -13,762 |   17.2 |  0.49 |  3,120 | atr=20 sl=1.5 tp=6.0 embed=20
  5 |        -1163 |    -13,762 |   17.2 |  0.49 |  3,120 | atr=20 sl=1.5 tp=6.0 embed=20
----------------------------------------------------------------------------------------------------
Trial 110 | PRUNED (year1 pts=    -3,512) |     1s
Trial 111 | PRUNED (year1 pts=    -3,593) |     1s
Trial 112 | score=       -1163 | pts=   -13,762 | wr= 17.2% | pf= 0.49 | trades= 3,120 |     2s

----------------------------------------------------------------------------------------------------
LIVE LEADERBOARD (top 5 by composite score)
  # |        SCORE |        PTS |    WR% |    PF |     TR | params
  1 |        -1163 |    -13,762 |   17.2 |  0.49 |  3,120 | atr=20 sl=1.5 tp=6.0 embed=20
  2 |        -1163 |    -13,762 |   17.2 |  0.49 |  3,120 | atr=20 sl=1.5 tp=6.0 embed=20
  3 |        -1163 |    -13,762 |   17.2 |  0.49 |  3,120 | atr=20 sl=1.5 tp=6.0 embed=20
  4 |        -1163 |    -13,762 |   17.2 |  0.49 |  3,120 | atr=20 sl=1.5 tp=6.0 embed=20
  5 |        -1163 |    -13,762 |   17.2 |  0.49 |  3,120 | atr=20 sl=1.5 tp=6.0 embed=20
----------------------------------------------------------------------------------------------------
Trial 113 | score=       -1163 | pts=   -13,762 | wr= 17.2% | pf= 0.49 | trades= 3,120 |     2s

----------------------------------------------------------------------------------------------------
LIVE LEADERBOARD (top 5 by composite score)
  # |        SCORE |        PTS |    WR% |    PF |     TR | params
  1 |        -1163 |    -13,762 |   17.2 |  0.49 |  3,120 | atr=20 sl=1.5 tp=6.0 embed=20
  2 |        -1163 |    -13,762 |   17.2 |  0.49 |  3,120 | atr=20 sl=1.5 tp=6.0 embed=20
  3 |        -1163 |    -13,762 |   17.2 |  0.49 |  3,120 | atr=20 sl=1.5 tp=6.0 embed=20
  4 |        -1163 |    -13,762 |   17.2 |  0.49 |  3,120 | atr=20 sl=1.5 tp=6.0 embed=20
  5 |        -1163 |    -13,762 |   17.2 |  0.49 |  3,120 | atr=20 sl=1.5 tp=6.0 embed=20
----------------------------------------------------------------------------------------------------
Trial 114 | score=       -1485 | pts=   -11,923 | wr= 21.2% | pf= 0.59 | trades= 3,449 |     2s

----------------------------------------------------------------------------------------------------
LIVE LEADERBOARD (top 5 by composite score)
  # |        SCORE |        PTS |    WR% |    PF |     TR | params
  1 |        -1163 |    -13,762 |   17.2 |  0.49 |  3,120 | atr=20 sl=1.5 tp=6.0 embed=20
  2 |        -1163 |    -13,762 |   17.2 |  0.49 |  3,120 | atr=20 sl=1.5 tp=6.0 embed=20
  3 |        -1163 |    -13,762 |   17.2 |  0.49 |  3,120 | atr=20 sl=1.5 tp=6.0 embed=20
  4 |        -1163 |    -13,762 |   17.2 |  0.49 |  3,120 | atr=20 sl=1.5 tp=6.0 embed=20
  5 |        -1163 |    -13,762 |   17.2 |  0.49 |  3,120 | atr=20 sl=1.5 tp=6.0 embed=20
----------------------------------------------------------------------------------------------------
Trial 115 | score=       -1163 | pts=   -13,762 | wr= 17.2% | pf= 0.49 | trades= 3,120 |     2s

----------------------------------------------------------------------------------------------------
LIVE LEADERBOARD (top 5 by composite score)
  # |        SCORE |        PTS |    WR% |    PF |     TR | params
  1 |        -1163 |    -13,762 |   17.2 |  0.49 |  3,120 | atr=20 sl=1.5 tp=6.0 embed=20
  2 |        -1163 |    -13,762 |   17.2 |  0.49 |  3,120 | atr=20 sl=1.5 tp=6.0 embed=20
  3 |        -1163 |    -13,762 |   17.2 |  0.49 |  3,120 | atr=20 sl=1.5 tp=6.0 embed=20
  4 |        -1163 |    -13,762 |   17.2 |  0.49 |  3,120 | atr=20 sl=1.5 tp=6.0 embed=20
  5 |        -1163 |    -13,762 |   17.2 |  0.49 |  3,120 | atr=20 sl=1.5 tp=6.0 embed=20
----------------------------------------------------------------------------------------------------
Trial 116 | score=       -2225 | pts=   -11,365 | wr= 30.1% | pf= 0.65 | trades= 3,485 |     2s

----------------------------------------------------------------------------------------------------
LIVE LEADERBOARD (top 5 by composite score)
  # |        SCORE |        PTS |    WR% |    PF |     TR | params
  1 |        -1163 |    -13,762 |   17.2 |  0.49 |  3,120 | atr=20 sl=1.5 tp=6.0 embed=20
  2 |        -1163 |    -13,762 |   17.2 |  0.49 |  3,120 | atr=20 sl=1.5 tp=6.0 embed=20
  3 |        -1163 |    -13,762 |   17.2 |  0.49 |  3,120 | atr=20 sl=1.5 tp=6.0 embed=20
  4 |        -1163 |    -13,762 |   17.2 |  0.49 |  3,120 | atr=20 sl=1.5 tp=6.0 embed=20
  5 |        -1163 |    -13,762 |   17.2 |  0.49 |  3,120 | atr=20 sl=1.5 tp=6.0 embed=20
----------------------------------------------------------------------------------------------------
Trial 117 | PRUNED (year1 pts=    -3,709) |     1s
Trial 118 | PRUNED (year1 pts=    -3,642) |     1s
Trial 119 | score=       -2186 | pts=   -10,017 | wr= 31.7% | pf= 0.69 | trades= 4,225 |     2s

----------------------------------------------------------------------------------------------------
LIVE LEADERBOARD (top 5 by composite score)
  # |        SCORE |        PTS |    WR% |    PF |     TR | params
  1 |        -1163 |    -13,762 |   17.2 |  0.49 |  3,120 | atr=20 sl=1.5 tp=6.0 embed=20
  2 |        -1163 |    -13,762 |   17.2 |  0.49 |  3,120 | atr=20 sl=1.5 tp=6.0 embed=20
  3 |        -1163 |    -13,762 |   17.2 |  0.49 |  3,120 | atr=20 sl=1.5 tp=6.0 embed=20
  4 |        -1163 |    -13,762 |   17.2 |  0.49 |  3,120 | atr=20 sl=1.5 tp=6.0 embed=20
  5 |        -1163 |    -13,762 |   17.2 |  0.49 |  3,120 | atr=20 sl=1.5 tp=6.0 embed=20
----------------------------------------------------------------------------------------------------
Trial 120 | PRUNED (year1 pts=    -3,440) |     1s
Trial 121 | PRUNED (year1 pts=    -3,648) |     1s
Trial 122 | score=       -1163 | pts=   -13,762 | wr= 17.2% | pf= 0.49 | trades= 3,120 |     2s

----------------------------------------------------------------------------------------------------
LIVE LEADERBOARD (top 5 by composite score)
  # |        SCORE |        PTS |    WR% |    PF |     TR | params
  1 |        -1163 |    -13,762 |   17.2 |  0.49 |  3,120 | atr=20 sl=1.5 tp=6.0 embed=20
  2 |        -1163 |    -13,762 |   17.2 |  0.49 |  3,120 | atr=20 sl=1.5 tp=6.0 embed=20
  3 |        -1163 |    -13,762 |   17.2 |  0.49 |  3,120 | atr=20 sl=1.5 tp=6.0 embed=20
  4 |        -1163 |    -13,762 |   17.2 |  0.49 |  3,120 | atr=20 sl=1.5 tp=6.0 embed=20
  5 |        -1163 |    -13,762 |   17.2 |  0.49 |  3,120 | atr=20 sl=1.5 tp=6.0 embed=20
----------------------------------------------------------------------------------------------------
Trial 123 | score=       -1163 | pts=   -13,762 | wr= 17.2% | pf= 0.49 | trades= 3,120 |     2s

----------------------------------------------------------------------------------------------------
LIVE LEADERBOARD (top 5 by composite score)
  # |        SCORE |        PTS |    WR% |    PF |     TR | params
  1 |        -1163 |    -13,762 |   17.2 |  0.49 |  3,120 | atr=20 sl=1.5 tp=6.0 embed=20
  2 |        -1163 |    -13,762 |   17.2 |  0.49 |  3,120 | atr=20 sl=1.5 tp=6.0 embed=20
  3 |        -1163 |    -13,762 |   17.2 |  0.49 |  3,120 | atr=20 sl=1.5 tp=6.0 embed=20
  4 |        -1163 |    -13,762 |   17.2 |  0.49 |  3,120 | atr=20 sl=1.5 tp=6.0 embed=20
  5 |        -1163 |    -13,762 |   17.2 |  0.49 |  3,120 | atr=20 sl=1.5 tp=6.0 embed=20
----------------------------------------------------------------------------------------------------
Trial 124 | score=       -1751 | pts=   -10,575 | wr= 25.6% | pf= 0.65 | trades= 3,741 |     2s

----------------------------------------------------------------------------------------------------
LIVE LEADERBOARD (top 5 by composite score)
  # |        SCORE |        PTS |    WR% |    PF |     TR | params
  1 |        -1163 |    -13,762 |   17.2 |  0.49 |  3,120 | atr=20 sl=1.5 tp=6.0 embed=20
  2 |        -1163 |    -13,762 |   17.2 |  0.49 |  3,120 | atr=20 sl=1.5 tp=6.0 embed=20
  3 |        -1163 |    -13,762 |   17.2 |  0.49 |  3,120 | atr=20 sl=1.5 tp=6.0 embed=20
  4 |        -1163 |    -13,762 |   17.2 |  0.49 |  3,120 | atr=20 sl=1.5 tp=6.0 embed=20
  5 |        -1163 |    -13,762 |   17.2 |  0.49 |  3,120 | atr=20 sl=1.5 tp=6.0 embed=20
----------------------------------------------------------------------------------------------------
Trial 125 | score=       -1163 | pts=   -13,762 | wr= 17.2% | pf= 0.49 | trades= 3,120 |     2s

----------------------------------------------------------------------------------------------------
LIVE LEADERBOARD (top 5 by composite score)
  # |        SCORE |        PTS |    WR% |    PF |     TR | params
  1 |        -1163 |    -13,762 |   17.2 |  0.49 |  3,120 | atr=20 sl=1.5 tp=6.0 embed=20
  2 |        -1163 |    -13,762 |   17.2 |  0.49 |  3,120 | atr=20 sl=1.5 tp=6.0 embed=20
  3 |        -1163 |    -13,762 |   17.2 |  0.49 |  3,120 | atr=20 sl=1.5 tp=6.0 embed=20
  4 |        -1163 |    -13,762 |   17.2 |  0.49 |  3,120 | atr=20 sl=1.5 tp=6.0 embed=20
  5 |        -1163 |    -13,762 |   17.2 |  0.49 |  3,120 | atr=20 sl=1.5 tp=6.0 embed=20
----------------------------------------------------------------------------------------------------
Trial 126 | PRUNED (year1 pts=    -3,731) |     1s
Trial 127 | score=       -2063 | pts=    -9,660 | wr= 31.4% | pf= 0.68 | trades= 4,030 |     2s

----------------------------------------------------------------------------------------------------
LIVE LEADERBOARD (top 5 by composite score)
  # |        SCORE |        PTS |    WR% |    PF |     TR | params
  1 |        -1163 |    -13,762 |   17.2 |  0.49 |  3,120 | atr=20 sl=1.5 tp=6.0 embed=20
  2 |        -1163 |    -13,762 |   17.2 |  0.49 |  3,120 | atr=20 sl=1.5 tp=6.0 embed=20
  3 |        -1163 |    -13,762 |   17.2 |  0.49 |  3,120 | atr=20 sl=1.5 tp=6.0 embed=20
  4 |        -1163 |    -13,762 |   17.2 |  0.49 |  3,120 | atr=20 sl=1.5 tp=6.0 embed=20
  5 |        -1163 |    -13,762 |   17.2 |  0.49 |  3,120 | atr=20 sl=1.5 tp=6.0 embed=20
----------------------------------------------------------------------------------------------------
Trial 128 | PRUNED (year1 pts=    -3,385) |     1s
Trial 129 | PRUNED (year1 pts=    -3,497) |     1s
Trial 130 | PRUNED (year1 pts=    -3,914) |     1s
Trial 131 | score=       -1163 | pts=   -13,762 | wr= 17.2% | pf= 0.49 | trades= 3,120 |     2s

----------------------------------------------------------------------------------------------------
LIVE LEADERBOARD (top 5 by composite score)
  # |        SCORE |        PTS |    WR% |    PF |     TR | params
  1 |        -1163 |    -13,762 |   17.2 |  0.49 |  3,120 | atr=20 sl=1.5 tp=6.0 embed=20
  2 |        -1163 |    -13,762 |   17.2 |  0.49 |  3,120 | atr=20 sl=1.5 tp=6.0 embed=20
  3 |        -1163 |    -13,762 |   17.2 |  0.49 |  3,120 | atr=20 sl=1.5 tp=6.0 embed=20
  4 |        -1163 |    -13,762 |   17.2 |  0.49 |  3,120 | atr=20 sl=1.5 tp=6.0 embed=20
  5 |        -1163 |    -13,762 |   17.2 |  0.49 |  3,120 | atr=20 sl=1.5 tp=6.0 embed=20
----------------------------------------------------------------------------------------------------
Trial 132 | score=       -2541 | pts=   -10,406 | wr= 36.2% | pf= 0.68 | trades= 3,631 |     2s

----------------------------------------------------------------------------------------------------
LIVE LEADERBOARD (top 5 by composite score)
  # |        SCORE |        PTS |    WR% |    PF |     TR | params
  1 |        -1163 |    -13,762 |   17.2 |  0.49 |  3,120 | atr=20 sl=1.5 tp=6.0 embed=20
  2 |        -1163 |    -13,762 |   17.2 |  0.49 |  3,120 | atr=20 sl=1.5 tp=6.0 embed=20
  3 |        -1163 |    -13,762 |   17.2 |  0.49 |  3,120 | atr=20 sl=1.5 tp=6.0 embed=20
  4 |        -1163 |    -13,762 |   17.2 |  0.49 |  3,120 | atr=20 sl=1.5 tp=6.0 embed=20
  5 |        -1163 |    -13,762 |   17.2 |  0.49 |  3,120 | atr=20 sl=1.5 tp=6.0 embed=20
----------------------------------------------------------------------------------------------------
Trial 133 | score=       -1163 | pts=   -13,762 | wr= 17.2% | pf= 0.49 | trades= 3,120 |     2s

----------------------------------------------------------------------------------------------------
LIVE LEADERBOARD (top 5 by composite score)
  # |        SCORE |        PTS |    WR% |    PF |     TR | params
  1 |        -1163 |    -13,762 |   17.2 |  0.49 |  3,120 | atr=20 sl=1.5 tp=6.0 embed=20
  2 |        -1163 |    -13,762 |   17.2 |  0.49 |  3,120 | atr=20 sl=1.5 tp=6.0 embed=20
  3 |        -1163 |    -13,762 |   17.2 |  0.49 |  3,120 | atr=20 sl=1.5 tp=6.0 embed=20
  4 |        -1163 |    -13,762 |   17.2 |  0.49 |  3,120 | atr=20 sl=1.5 tp=6.0 embed=20
  5 |        -1163 |    -13,762 |   17.2 |  0.49 |  3,120 | atr=20 sl=1.5 tp=6.0 embed=20
----------------------------------------------------------------------------------------------------
Trial 134 | PRUNED (year1 pts=    -4,016) |     1s
Trial 135 | PRUNED (year1 pts=    -3,630) |     1s
Trial 136 | score=       -1163 | pts=   -13,762 | wr= 17.2% | pf= 0.49 | trades= 3,120 |     2s

----------------------------------------------------------------------------------------------------
LIVE LEADERBOARD (top 5 by composite score)
  # |        SCORE |        PTS |    WR% |    PF |     TR | params
  1 |        -1163 |    -13,762 |   17.2 |  0.49 |  3,120 | atr=20 sl=1.5 tp=6.0 embed=20
  2 |        -1163 |    -13,762 |   17.2 |  0.49 |  3,120 | atr=20 sl=1.5 tp=6.0 embed=20
  3 |        -1163 |    -13,762 |   17.2 |  0.49 |  3,120 | atr=20 sl=1.5 tp=6.0 embed=20
  4 |        -1163 |    -13,762 |   17.2 |  0.49 |  3,120 | atr=20 sl=1.5 tp=6.0 embed=20
  5 |        -1163 |    -13,762 |   17.2 |  0.49 |  3,120 | atr=20 sl=1.5 tp=6.0 embed=20
----------------------------------------------------------------------------------------------------
Trial 137 | PRUNED (year1 pts=    -3,692) |     1s
Trial 138 | score=       -1163 | pts=   -13,762 | wr= 17.2% | pf= 0.49 | trades= 3,120 |     2s

----------------------------------------------------------------------------------------------------
LIVE LEADERBOARD (top 5 by composite score)
  # |        SCORE |        PTS |    WR% |    PF |     TR | params
  1 |        -1163 |    -13,762 |   17.2 |  0.49 |  3,120 | atr=20 sl=1.5 tp=6.0 embed=20
  2 |        -1163 |    -13,762 |   17.2 |  0.49 |  3,120 | atr=20 sl=1.5 tp=6.0 embed=20
  3 |        -1163 |    -13,762 |   17.2 |  0.49 |  3,120 | atr=20 sl=1.5 tp=6.0 embed=20
  4 |        -1163 |    -13,762 |   17.2 |  0.49 |  3,120 | atr=20 sl=1.5 tp=6.0 embed=20
  5 |        -1163 |    -13,762 |   17.2 |  0.49 |  3,120 | atr=20 sl=1.5 tp=6.0 embed=20
----------------------------------------------------------------------------------------------------
Trial 139 | PRUNED (year1 pts=    -3,570) |     1s
Trial 140 | score=       -1163 | pts=   -13,762 | wr= 17.2% | pf= 0.49 | trades= 3,120 |     2s

----------------------------------------------------------------------------------------------------
LIVE LEADERBOARD (top 5 by composite score)
  # |        SCORE |        PTS |    WR% |    PF |     TR | params
  1 |        -1163 |    -13,762 |   17.2 |  0.49 |  3,120 | atr=20 sl=1.5 tp=6.0 embed=20
  2 |        -1163 |    -13,762 |   17.2 |  0.49 |  3,120 | atr=20 sl=1.5 tp=6.0 embed=20
  3 |        -1163 |    -13,762 |   17.2 |  0.49 |  3,120 | atr=20 sl=1.5 tp=6.0 embed=20
  4 |        -1163 |    -13,762 |   17.2 |  0.49 |  3,120 | atr=20 sl=1.5 tp=6.0 embed=20
  5 |        -1163 |    -13,762 |   17.2 |  0.49 |  3,120 | atr=20 sl=1.5 tp=6.0 embed=20
----------------------------------------------------------------------------------------------------
Trial 141 | score=       -1163 | pts=   -13,762 | wr= 17.2% | pf= 0.49 | trades= 3,120 |     2s

----------------------------------------------------------------------------------------------------
LIVE LEADERBOARD (top 5 by composite score)
  # |        SCORE |        PTS |    WR% |    PF |     TR | params
  1 |        -1163 |    -13,762 |   17.2 |  0.49 |  3,120 | atr=20 sl=1.5 tp=6.0 embed=20
  2 |        -1163 |    -13,762 |   17.2 |  0.49 |  3,120 | atr=20 sl=1.5 tp=6.0 embed=20
  3 |        -1163 |    -13,762 |   17.2 |  0.49 |  3,120 | atr=20 sl=1.5 tp=6.0 embed=20
  4 |        -1163 |    -13,762 |   17.2 |  0.49 |  3,120 | atr=20 sl=1.5 tp=6.0 embed=20
  5 |        -1163 |    -13,762 |   17.2 |  0.49 |  3,120 | atr=20 sl=1.5 tp=6.0 embed=20
----------------------------------------------------------------------------------------------------
Trial 142 | score=       -1163 | pts=   -13,762 | wr= 17.2% | pf= 0.49 | trades= 3,120 |     2s

----------------------------------------------------------------------------------------------------
LIVE LEADERBOARD (top 5 by composite score)
  # |        SCORE |        PTS |    WR% |    PF |     TR | params
  1 |        -1163 |    -13,762 |   17.2 |  0.49 |  3,120 | atr=20 sl=1.5 tp=6.0 embed=20
  2 |        -1163 |    -13,762 |   17.2 |  0.49 |  3,120 | atr=20 sl=1.5 tp=6.0 embed=20
  3 |        -1163 |    -13,762 |   17.2 |  0.49 |  3,120 | atr=20 sl=1.5 tp=6.0 embed=20
  4 |        -1163 |    -13,762 |   17.2 |  0.49 |  3,120 | atr=20 sl=1.5 tp=6.0 embed=20
  5 |        -1163 |    -13,762 |   17.2 |  0.49 |  3,120 | atr=20 sl=1.5 tp=6.0 embed=20
----------------------------------------------------------------------------------------------------
Trial 143 | PRUNED (year1 pts=    -4,010) |     1s
Trial 144 | PRUNED (year1 pts=    -3,959) |     1s
Trial 145 | score=       -1163 | pts=   -13,762 | wr= 17.2% | pf= 0.49 | trades= 3,120 |     2s

----------------------------------------------------------------------------------------------------
LIVE LEADERBOARD (top 5 by composite score)
  # |        SCORE |        PTS |    WR% |    PF |     TR | params
  1 |        -1163 |    -13,762 |   17.2 |  0.49 |  3,120 | atr=20 sl=1.5 tp=6.0 embed=20
  2 |        -1163 |    -13,762 |   17.2 |  0.49 |  3,120 | atr=20 sl=1.5 tp=6.0 embed=20
  3 |        -1163 |    -13,762 |   17.2 |  0.49 |  3,120 | atr=20 sl=1.5 tp=6.0 embed=20
  4 |        -1163 |    -13,762 |   17.2 |  0.49 |  3,120 | atr=20 sl=1.5 tp=6.0 embed=20
  5 |        -1163 |    -13,762 |   17.2 |  0.49 |  3,120 | atr=20 sl=1.5 tp=6.0 embed=20
----------------------------------------------------------------------------------------------------
Trial 146 | PRUNED (year1 pts=    -3,476) |     1s
Trial 147 | score=       -1163 | pts=   -13,762 | wr= 17.2% | pf= 0.49 | trades= 3,120 |     2s

----------------------------------------------------------------------------------------------------
LIVE LEADERBOARD (top 5 by composite score)
  # |        SCORE |        PTS |    WR% |    PF |     TR | params
  1 |        -1163 |    -13,762 |   17.2 |  0.49 |  3,120 | atr=20 sl=1.5 tp=6.0 embed=20
  2 |        -1163 |    -13,762 |   17.2 |  0.49 |  3,120 | atr=20 sl=1.5 tp=6.0 embed=20
  3 |        -1163 |    -13,762 |   17.2 |  0.49 |  3,120 | atr=20 sl=1.5 tp=6.0 embed=20
  4 |        -1163 |    -13,762 |   17.2 |  0.49 |  3,120 | atr=20 sl=1.5 tp=6.0 embed=20
  5 |        -1163 |    -13,762 |   17.2 |  0.49 |  3,120 | atr=20 sl=1.5 tp=6.0 embed=20
----------------------------------------------------------------------------------------------------
Trial 148 | score=       -1163 | pts=   -13,762 | wr= 17.2% | pf= 0.49 | trades= 3,120 |     2s

----------------------------------------------------------------------------------------------------
LIVE LEADERBOARD (top 5 by composite score)
  # |        SCORE |        PTS |    WR% |    PF |     TR | params
  1 |        -1163 |    -13,762 |   17.2 |  0.49 |  3,120 | atr=20 sl=1.5 tp=6.0 embed=20
  2 |        -1163 |    -13,762 |   17.2 |  0.49 |  3,120 | atr=20 sl=1.5 tp=6.0 embed=20
  3 |        -1163 |    -13,762 |   17.2 |  0.49 |  3,120 | atr=20 sl=1.5 tp=6.0 embed=20
  4 |        -1163 |    -13,762 |   17.2 |  0.49 |  3,120 | atr=20 sl=1.5 tp=6.0 embed=20
  5 |        -1163 |    -13,762 |   17.2 |  0.49 |  3,120 | atr=20 sl=1.5 tp=6.0 embed=20
----------------------------------------------------------------------------------------------------
Trial 149 | score=       -1163 | pts=   -13,762 | wr= 17.2% | pf= 0.49 | trades= 3,120 |     2s

----------------------------------------------------------------------------------------------------
LIVE LEADERBOARD (top 5 by composite score)
  # |        SCORE |        PTS |    WR% |    PF |     TR | params
  1 |        -1163 |    -13,762 |   17.2 |  0.49 |  3,120 | atr=20 sl=1.5 tp=6.0 embed=20
  2 |        -1163 |    -13,762 |   17.2 |  0.49 |  3,120 | atr=20 sl=1.5 tp=6.0 embed=20
  3 |        -1163 |    -13,762 |   17.2 |  0.49 |  3,120 | atr=20 sl=1.5 tp=6.0 embed=20
  4 |        -1163 |    -13,762 |   17.2 |  0.49 |  3,120 | atr=20 sl=1.5 tp=6.0 embed=20
  5 |        -1163 |    -13,762 |   17.2 |  0.49 |  3,120 | atr=20 sl=1.5 tp=6.0 embed=20
----------------------------------------------------------------------------------------------------
Trial 150 | PRUNED (year1 pts=    -3,717) |     1s
Trial 151 | score=       -1163 | pts=   -13,762 | wr= 17.2% | pf= 0.49 | trades= 3,120 |     2s

----------------------------------------------------------------------------------------------------
LIVE LEADERBOARD (top 5 by composite score)
  # |        SCORE |        PTS |    WR% |    PF |     TR | params
  1 |        -1163 |    -13,762 |   17.2 |  0.49 |  3,120 | atr=20 sl=1.5 tp=6.0 embed=20
  2 |        -1163 |    -13,762 |   17.2 |  0.49 |  3,120 | atr=20 sl=1.5 tp=6.0 embed=20
  3 |        -1163 |    -13,762 |   17.2 |  0.49 |  3,120 | atr=20 sl=1.5 tp=6.0 embed=20
  4 |        -1163 |    -13,762 |   17.2 |  0.49 |  3,120 | atr=20 sl=1.5 tp=6.0 embed=20
  5 |        -1163 |    -13,762 |   17.2 |  0.49 |  3,120 | atr=20 sl=1.5 tp=6.0 embed=20
----------------------------------------------------------------------------------------------------
Trial 152 | score=       -1163 | pts=   -13,762 | wr= 17.2% | pf= 0.49 | trades= 3,120 |     2s

----------------------------------------------------------------------------------------------------
LIVE LEADERBOARD (top 5 by composite score)
  # |        SCORE |        PTS |    WR% |    PF |     TR | params
  1 |        -1163 |    -13,762 |   17.2 |  0.49 |  3,120 | atr=20 sl=1.5 tp=6.0 embed=20
  2 |        -1163 |    -13,762 |   17.2 |  0.49 |  3,120 | atr=20 sl=1.5 tp=6.0 embed=20
  3 |        -1163 |    -13,762 |   17.2 |  0.49 |  3,120 | atr=20 sl=1.5 tp=6.0 embed=20
  4 |        -1163 |    -13,762 |   17.2 |  0.49 |  3,120 | atr=20 sl=1.5 tp=6.0 embed=20
  5 |        -1163 |    -13,762 |   17.2 |  0.49 |  3,120 | atr=20 sl=1.5 tp=6.0 embed=20
----------------------------------------------------------------------------------------------------
Trial 153 | score=       -1163 | pts=   -13,762 | wr= 17.2% | pf= 0.49 | trades= 3,120 |     2s

----------------------------------------------------------------------------------------------------
LIVE LEADERBOARD (top 5 by composite score)
  # |        SCORE |        PTS |    WR% |    PF |     TR | params
  1 |        -1163 |    -13,762 |   17.2 |  0.49 |  3,120 | atr=20 sl=1.5 tp=6.0 embed=20
  2 |        -1163 |    -13,762 |   17.2 |  0.49 |  3,120 | atr=20 sl=1.5 tp=6.0 embed=20
  3 |        -1163 |    -13,762 |   17.2 |  0.49 |  3,120 | atr=20 sl=1.5 tp=6.0 embed=20
  4 |        -1163 |    -13,762 |   17.2 |  0.49 |  3,120 | atr=20 sl=1.5 tp=6.0 embed=20
  5 |        -1163 |    -13,762 |   17.2 |  0.49 |  3,120 | atr=20 sl=1.5 tp=6.0 embed=20
----------------------------------------------------------------------------------------------------
Trial 154 | score=       -1163 | pts=   -13,762 | wr= 17.2% | pf= 0.49 | trades= 3,120 |     2s

----------------------------------------------------------------------------------------------------
LIVE LEADERBOARD (top 5 by composite score)
  # |        SCORE |        PTS |    WR% |    PF |     TR | params
  1 |        -1163 |    -13,762 |   17.2 |  0.49 |  3,120 | atr=20 sl=1.5 tp=6.0 embed=20
  2 |        -1163 |    -13,762 |   17.2 |  0.49 |  3,120 | atr=20 sl=1.5 tp=6.0 embed=20
  3 |        -1163 |    -13,762 |   17.2 |  0.49 |  3,120 | atr=20 sl=1.5 tp=6.0 embed=20
  4 |        -1163 |    -13,762 |   17.2 |  0.49 |  3,120 | atr=20 sl=1.5 tp=6.0 embed=20
  5 |        -1163 |    -13,762 |   17.2 |  0.49 |  3,120 | atr=20 sl=1.5 tp=6.0 embed=20
----------------------------------------------------------------------------------------------------
Trial 155 | score=       -1163 | pts=   -13,762 | wr= 17.2% | pf= 0.49 | trades= 3,120 |     2s

----------------------------------------------------------------------------------------------------
LIVE LEADERBOARD (top 5 by composite score)
  # |        SCORE |        PTS |    WR% |    PF |     TR | params
  1 |        -1163 |    -13,762 |   17.2 |  0.49 |  3,120 | atr=20 sl=1.5 tp=6.0 embed=20
  2 |        -1163 |    -13,762 |   17.2 |  0.49 |  3,120 | atr=20 sl=1.5 tp=6.0 embed=20
  3 |        -1163 |    -13,762 |   17.2 |  0.49 |  3,120 | atr=20 sl=1.5 tp=6.0 embed=20
  4 |        -1163 |    -13,762 |   17.2 |  0.49 |  3,120 | atr=20 sl=1.5 tp=6.0 embed=20
  5 |        -1163 |    -13,762 |   17.2 |  0.49 |  3,120 | atr=20 sl=1.5 tp=6.0 embed=20
----------------------------------------------------------------------------------------------------
Trial 156 | PRUNED (year1 pts=    -3,796) |     1s
Trial 157 | PRUNED (year1 pts=    -3,316) |     1s
Trial 158 | PRUNED (year1 pts=    -3,516) |     1s
Trial 159 | score=       -1163 | pts=   -13,762 | wr= 17.2% | pf= 0.49 | trades= 3,120 |     2s

----------------------------------------------------------------------------------------------------
LIVE LEADERBOARD (top 5 by composite score)
  # |        SCORE |        PTS |    WR% |    PF |     TR | params
  1 |        -1163 |    -13,762 |   17.2 |  0.49 |  3,120 | atr=20 sl=1.5 tp=6.0 embed=20
  2 |        -1163 |    -13,762 |   17.2 |  0.49 |  3,120 | atr=20 sl=1.5 tp=6.0 embed=20
  3 |        -1163 |    -13,762 |   17.2 |  0.49 |  3,120 | atr=20 sl=1.5 tp=6.0 embed=20
  4 |        -1163 |    -13,762 |   17.2 |  0.49 |  3,120 | atr=20 sl=1.5 tp=6.0 embed=20
  5 |        -1163 |    -13,762 |   17.2 |  0.49 |  3,120 | atr=20 sl=1.5 tp=6.0 embed=20
----------------------------------------------------------------------------------------------------
Trial 160 | score=       -1485 | pts=   -11,923 | wr= 21.2% | pf= 0.59 | trades= 3,449 |     2s

----------------------------------------------------------------------------------------------------
LIVE LEADERBOARD (top 5 by composite score)
  # |        SCORE |        PTS |    WR% |    PF |     TR | params
  1 |        -1163 |    -13,762 |   17.2 |  0.49 |  3,120 | atr=20 sl=1.5 tp=6.0 embed=20
  2 |        -1163 |    -13,762 |   17.2 |  0.49 |  3,120 | atr=20 sl=1.5 tp=6.0 embed=20
  3 |        -1163 |    -13,762 |   17.2 |  0.49 |  3,120 | atr=20 sl=1.5 tp=6.0 embed=20
  4 |        -1163 |    -13,762 |   17.2 |  0.49 |  3,120 | atr=20 sl=1.5 tp=6.0 embed=20
  5 |        -1163 |    -13,762 |   17.2 |  0.49 |  3,120 | atr=20 sl=1.5 tp=6.0 embed=20
----------------------------------------------------------------------------------------------------
Trial 161 | PRUNED (year1 pts=    -3,429) |     1s
Trial 162 | score=       -1163 | pts=   -13,762 | wr= 17.2% | pf= 0.49 | trades= 3,120 |     2s

----------------------------------------------------------------------------------------------------
LIVE LEADERBOARD (top 5 by composite score)
  # |        SCORE |        PTS |    WR% |    PF |     TR | params
  1 |        -1163 |    -13,762 |   17.2 |  0.49 |  3,120 | atr=20 sl=1.5 tp=6.0 embed=20
  2 |        -1163 |    -13,762 |   17.2 |  0.49 |  3,120 | atr=20 sl=1.5 tp=6.0 embed=20
  3 |        -1163 |    -13,762 |   17.2 |  0.49 |  3,120 | atr=20 sl=1.5 tp=6.0 embed=20
  4 |        -1163 |    -13,762 |   17.2 |  0.49 |  3,120 | atr=20 sl=1.5 tp=6.0 embed=20
  5 |        -1163 |    -13,762 |   17.2 |  0.49 |  3,120 | atr=20 sl=1.5 tp=6.0 embed=20
----------------------------------------------------------------------------------------------------
Trial 163 | score=       -1163 | pts=   -13,762 | wr= 17.2% | pf= 0.49 | trades= 3,120 |     2s

----------------------------------------------------------------------------------------------------
LIVE LEADERBOARD (top 5 by composite score)
  # |        SCORE |        PTS |    WR% |    PF |     TR | params
  1 |        -1163 |    -13,762 |   17.2 |  0.49 |  3,120 | atr=20 sl=1.5 tp=6.0 embed=20
  2 |        -1163 |    -13,762 |   17.2 |  0.49 |  3,120 | atr=20 sl=1.5 tp=6.0 embed=20
  3 |        -1163 |    -13,762 |   17.2 |  0.49 |  3,120 | atr=20 sl=1.5 tp=6.0 embed=20
  4 |        -1163 |    -13,762 |   17.2 |  0.49 |  3,120 | atr=20 sl=1.5 tp=6.0 embed=20
  5 |        -1163 |    -13,762 |   17.2 |  0.49 |  3,120 | atr=20 sl=1.5 tp=6.0 embed=20
----------------------------------------------------------------------------------------------------
Trial 164 | PRUNED (year1 pts=    -3,580) |     1s
Trial 165 | score=       -1163 | pts=   -13,762 | wr= 17.2% | pf= 0.49 | trades= 3,120 |     2s

----------------------------------------------------------------------------------------------------
LIVE LEADERBOARD (top 5 by composite score)
  # |        SCORE |        PTS |    WR% |    PF |     TR | params
  1 |        -1163 |    -13,762 |   17.2 |  0.49 |  3,120 | atr=20 sl=1.5 tp=6.0 embed=20
  2 |        -1163 |    -13,762 |   17.2 |  0.49 |  3,120 | atr=20 sl=1.5 tp=6.0 embed=20
  3 |        -1163 |    -13,762 |   17.2 |  0.49 |  3,120 | atr=20 sl=1.5 tp=6.0 embed=20
  4 |        -1163 |    -13,762 |   17.2 |  0.49 |  3,120 | atr=20 sl=1.5 tp=6.0 embed=20
  5 |        -1163 |    -13,762 |   17.2 |  0.49 |  3,120 | atr=20 sl=1.5 tp=6.0 embed=20
----------------------------------------------------------------------------------------------------
Trial 166 | score=       -2131 | pts=   -11,366 | wr= 29.6% | pf= 0.63 | trades= 3,297 |     2s

----------------------------------------------------------------------------------------------------
LIVE LEADERBOARD (top 5 by composite score)
  # |        SCORE |        PTS |    WR% |    PF |     TR | params
  1 |        -1163 |    -13,762 |   17.2 |  0.49 |  3,120 | atr=20 sl=1.5 tp=6.0 embed=20
  2 |        -1163 |    -13,762 |   17.2 |  0.49 |  3,120 | atr=20 sl=1.5 tp=6.0 embed=20
  3 |        -1163 |    -13,762 |   17.2 |  0.49 |  3,120 | atr=20 sl=1.5 tp=6.0 embed=20
  4 |        -1163 |    -13,762 |   17.2 |  0.49 |  3,120 | atr=20 sl=1.5 tp=6.0 embed=20
  5 |        -1163 |    -13,762 |   17.2 |  0.49 |  3,120 | atr=20 sl=1.5 tp=6.0 embed=20
----------------------------------------------------------------------------------------------------
Trial 167 | PRUNED (year1 pts=    -3,307) |     1s
Trial 168 | PRUNED (year1 pts=    -3,440) |     1s
Trial 169 | PRUNED (year1 pts=    -3,648) |     1s
Trial 170 | PRUNED (year1 pts=    -3,482) |     1s
Trial 171 | score=       -1163 | pts=   -13,762 | wr= 17.2% | pf= 0.49 | trades= 3,120 |     2s

----------------------------------------------------------------------------------------------------
LIVE LEADERBOARD (top 5 by composite score)
  # |        SCORE |        PTS |    WR% |    PF |     TR | params
  1 |        -1163 |    -13,762 |   17.2 |  0.49 |  3,120 | atr=20 sl=1.5 tp=6.0 embed=20
  2 |        -1163 |    -13,762 |   17.2 |  0.49 |  3,120 | atr=20 sl=1.5 tp=6.0 embed=20
  3 |        -1163 |    -13,762 |   17.2 |  0.49 |  3,120 | atr=20 sl=1.5 tp=6.0 embed=20
  4 |        -1163 |    -13,762 |   17.2 |  0.49 |  3,120 | atr=20 sl=1.5 tp=6.0 embed=20
  5 |        -1163 |    -13,762 |   17.2 |  0.49 |  3,120 | atr=20 sl=1.5 tp=6.0 embed=20
----------------------------------------------------------------------------------------------------
Trial 172 | score=       -1163 | pts=   -13,762 | wr= 17.2% | pf= 0.49 | trades= 3,120 |     2s

----------------------------------------------------------------------------------------------------
LIVE LEADERBOARD (top 5 by composite score)
  # |        SCORE |        PTS |    WR% |    PF |     TR | params
  1 |        -1163 |    -13,762 |   17.2 |  0.49 |  3,120 | atr=20 sl=1.5 tp=6.0 embed=20
  2 |        -1163 |    -13,762 |   17.2 |  0.49 |  3,120 | atr=20 sl=1.5 tp=6.0 embed=20
  3 |        -1163 |    -13,762 |   17.2 |  0.49 |  3,120 | atr=20 sl=1.5 tp=6.0 embed=20
  4 |        -1163 |    -13,762 |   17.2 |  0.49 |  3,120 | atr=20 sl=1.5 tp=6.0 embed=20
  5 |        -1163 |    -13,762 |   17.2 |  0.49 |  3,120 | atr=20 sl=1.5 tp=6.0 embed=20
----------------------------------------------------------------------------------------------------
Trial 173 | PRUNED (year1 pts=    -4,065) |     1s
Trial 174 | score=       -1163 | pts=   -13,762 | wr= 17.2% | pf= 0.49 | trades= 3,120 |     2s

----------------------------------------------------------------------------------------------------
LIVE LEADERBOARD (top 5 by composite score)
  # |        SCORE |        PTS |    WR% |    PF |     TR | params
  1 |        -1163 |    -13,762 |   17.2 |  0.49 |  3,120 | atr=20 sl=1.5 tp=6.0 embed=20
  2 |        -1163 |    -13,762 |   17.2 |  0.49 |  3,120 | atr=20 sl=1.5 tp=6.0 embed=20
  3 |        -1163 |    -13,762 |   17.2 |  0.49 |  3,120 | atr=20 sl=1.5 tp=6.0 embed=20
  4 |        -1163 |    -13,762 |   17.2 |  0.49 |  3,120 | atr=20 sl=1.5 tp=6.0 embed=20
  5 |        -1163 |    -13,762 |   17.2 |  0.49 |  3,120 | atr=20 sl=1.5 tp=6.0 embed=20
----------------------------------------------------------------------------------------------------
Trial 175 | score=       -1163 | pts=   -13,762 | wr= 17.2% | pf= 0.49 | trades= 3,120 |     2s

----------------------------------------------------------------------------------------------------
LIVE LEADERBOARD (top 5 by composite score)
  # |        SCORE |        PTS |    WR% |    PF |     TR | params
  1 |        -1163 |    -13,762 |   17.2 |  0.49 |  3,120 | atr=20 sl=1.5 tp=6.0 embed=20
  2 |        -1163 |    -13,762 |   17.2 |  0.49 |  3,120 | atr=20 sl=1.5 tp=6.0 embed=20
  3 |        -1163 |    -13,762 |   17.2 |  0.49 |  3,120 | atr=20 sl=1.5 tp=6.0 embed=20
  4 |        -1163 |    -13,762 |   17.2 |  0.49 |  3,120 | atr=20 sl=1.5 tp=6.0 embed=20
  5 |        -1163 |    -13,762 |   17.2 |  0.49 |  3,120 | atr=20 sl=1.5 tp=6.0 embed=20
----------------------------------------------------------------------------------------------------
Trial 176 | score=       -1751 | pts=   -10,575 | wr= 25.6% | pf= 0.65 | trades= 3,741 |     2s

----------------------------------------------------------------------------------------------------
LIVE LEADERBOARD (top 5 by composite score)
  # |        SCORE |        PTS |    WR% |    PF |     TR | params
  1 |        -1163 |    -13,762 |   17.2 |  0.49 |  3,120 | atr=20 sl=1.5 tp=6.0 embed=20
  2 |        -1163 |    -13,762 |   17.2 |  0.49 |  3,120 | atr=20 sl=1.5 tp=6.0 embed=20
  3 |        -1163 |    -13,762 |   17.2 |  0.49 |  3,120 | atr=20 sl=1.5 tp=6.0 embed=20
  4 |        -1163 |    -13,762 |   17.2 |  0.49 |  3,120 | atr=20 sl=1.5 tp=6.0 embed=20
  5 |        -1163 |    -13,762 |   17.2 |  0.49 |  3,120 | atr=20 sl=1.5 tp=6.0 embed=20
----------------------------------------------------------------------------------------------------
Trial 177 | score=       -1163 | pts=   -13,762 | wr= 17.2% | pf= 0.49 | trades= 3,120 |     2s

----------------------------------------------------------------------------------------------------
LIVE LEADERBOARD (top 5 by composite score)
  # |        SCORE |        PTS |    WR% |    PF |     TR | params
  1 |        -1163 |    -13,762 |   17.2 |  0.49 |  3,120 | atr=20 sl=1.5 tp=6.0 embed=20
  2 |        -1163 |    -13,762 |   17.2 |  0.49 |  3,120 | atr=20 sl=1.5 tp=6.0 embed=20
  3 |        -1163 |    -13,762 |   17.2 |  0.49 |  3,120 | atr=20 sl=1.5 tp=6.0 embed=20
  4 |        -1163 |    -13,762 |   17.2 |  0.49 |  3,120 | atr=20 sl=1.5 tp=6.0 embed=20
  5 |        -1163 |    -13,762 |   17.2 |  0.49 |  3,120 | atr=20 sl=1.5 tp=6.0 embed=20
----------------------------------------------------------------------------------------------------
Trial 178 | PRUNED (year1 pts=    -4,187) |     1s
Trial 179 | PRUNED (year1 pts=    -3,497) |     1s
Trial 180 | PRUNED (year1 pts=    -3,731) |     1s
Trial 181 | score=       -1163 | pts=   -13,762 | wr= 17.2% | pf= 0.49 | trades= 3,120 |     2s

----------------------------------------------------------------------------------------------------
LIVE LEADERBOARD (top 5 by composite score)
  # |        SCORE |        PTS |    WR% |    PF |     TR | params
  1 |        -1163 |    -13,762 |   17.2 |  0.49 |  3,120 | atr=20 sl=1.5 tp=6.0 embed=20
  2 |        -1163 |    -13,762 |   17.2 |  0.49 |  3,120 | atr=20 sl=1.5 tp=6.0 embed=20
  3 |        -1163 |    -13,762 |   17.2 |  0.49 |  3,120 | atr=20 sl=1.5 tp=6.0 embed=20
  4 |        -1163 |    -13,762 |   17.2 |  0.49 |  3,120 | atr=20 sl=1.5 tp=6.0 embed=20
  5 |        -1163 |    -13,762 |   17.2 |  0.49 |  3,120 | atr=20 sl=1.5 tp=6.0 embed=20
----------------------------------------------------------------------------------------------------
Trial 182 | score=       -1163 | pts=   -13,762 | wr= 17.2% | pf= 0.49 | trades= 3,120 |     2s

----------------------------------------------------------------------------------------------------
LIVE LEADERBOARD (top 5 by composite score)
  # |        SCORE |        PTS |    WR% |    PF |     TR | params
  1 |        -1163 |    -13,762 |   17.2 |  0.49 |  3,120 | atr=20 sl=1.5 tp=6.0 embed=20
  2 |        -1163 |    -13,762 |   17.2 |  0.49 |  3,120 | atr=20 sl=1.5 tp=6.0 embed=20
  3 |        -1163 |    -13,762 |   17.2 |  0.49 |  3,120 | atr=20 sl=1.5 tp=6.0 embed=20
  4 |        -1163 |    -13,762 |   17.2 |  0.49 |  3,120 | atr=20 sl=1.5 tp=6.0 embed=20
  5 |        -1163 |    -13,762 |   17.2 |  0.49 |  3,120 | atr=20 sl=1.5 tp=6.0 embed=20
----------------------------------------------------------------------------------------------------
Trial 183 | PRUNED (year1 pts=    -4,272) |     1s
Trial 184 | score=       -1163 | pts=   -13,762 | wr= 17.2% | pf= 0.49 | trades= 3,120 |     2s

----------------------------------------------------------------------------------------------------
LIVE LEADERBOARD (top 5 by composite score)
  # |        SCORE |        PTS |    WR% |    PF |     TR | params
  1 |        -1163 |    -13,762 |   17.2 |  0.49 |  3,120 | atr=20 sl=1.5 tp=6.0 embed=20
  2 |        -1163 |    -13,762 |   17.2 |  0.49 |  3,120 | atr=20 sl=1.5 tp=6.0 embed=20
  3 |        -1163 |    -13,762 |   17.2 |  0.49 |  3,120 | atr=20 sl=1.5 tp=6.0 embed=20
  4 |        -1163 |    -13,762 |   17.2 |  0.49 |  3,120 | atr=20 sl=1.5 tp=6.0 embed=20
  5 |        -1163 |    -13,762 |   17.2 |  0.49 |  3,120 | atr=20 sl=1.5 tp=6.0 embed=20
----------------------------------------------------------------------------------------------------
Trial 185 | score=       -2063 | pts=    -9,660 | wr= 31.4% | pf= 0.68 | trades= 4,030 |     2s

----------------------------------------------------------------------------------------------------
LIVE LEADERBOARD (top 5 by composite score)
  # |        SCORE |        PTS |    WR% |    PF |     TR | params
  1 |        -1163 |    -13,762 |   17.2 |  0.49 |  3,120 | atr=20 sl=1.5 tp=6.0 embed=20
  2 |        -1163 |    -13,762 |   17.2 |  0.49 |  3,120 | atr=20 sl=1.5 tp=6.0 embed=20
  3 |        -1163 |    -13,762 |   17.2 |  0.49 |  3,120 | atr=20 sl=1.5 tp=6.0 embed=20
  4 |        -1163 |    -13,762 |   17.2 |  0.49 |  3,120 | atr=20 sl=1.5 tp=6.0 embed=20
  5 |        -1163 |    -13,762 |   17.2 |  0.49 |  3,120 | atr=20 sl=1.5 tp=6.0 embed=20
----------------------------------------------------------------------------------------------------
Trial 186 | score=       -1163 | pts=   -13,762 | wr= 17.2% | pf= 0.49 | trades= 3,120 |     2s

----------------------------------------------------------------------------------------------------
LIVE LEADERBOARD (top 5 by composite score)
  # |        SCORE |        PTS |    WR% |    PF |     TR | params
  1 |        -1163 |    -13,762 |   17.2 |  0.49 |  3,120 | atr=20 sl=1.5 tp=6.0 embed=20
  2 |        -1163 |    -13,762 |   17.2 |  0.49 |  3,120 | atr=20 sl=1.5 tp=6.0 embed=20
  3 |        -1163 |    -13,762 |   17.2 |  0.49 |  3,120 | atr=20 sl=1.5 tp=6.0 embed=20
  4 |        -1163 |    -13,762 |   17.2 |  0.49 |  3,120 | atr=20 sl=1.5 tp=6.0 embed=20
  5 |        -1163 |    -13,762 |   17.2 |  0.49 |  3,120 | atr=20 sl=1.5 tp=6.0 embed=20
----------------------------------------------------------------------------------------------------
Trial 187 | score=       -1163 | pts=   -13,762 | wr= 17.2% | pf= 0.49 | trades= 3,120 |     2s

----------------------------------------------------------------------------------------------------
LIVE LEADERBOARD (top 5 by composite score)
  # |        SCORE |        PTS |    WR% |    PF |     TR | params
  1 |        -1163 |    -13,762 |   17.2 |  0.49 |  3,120 | atr=20 sl=1.5 tp=6.0 embed=20
  2 |        -1163 |    -13,762 |   17.2 |  0.49 |  3,120 | atr=20 sl=1.5 tp=6.0 embed=20
  3 |        -1163 |    -13,762 |   17.2 |  0.49 |  3,120 | atr=20 sl=1.5 tp=6.0 embed=20
  4 |        -1163 |    -13,762 |   17.2 |  0.49 |  3,120 | atr=20 sl=1.5 tp=6.0 embed=20
  5 |        -1163 |    -13,762 |   17.2 |  0.49 |  3,120 | atr=20 sl=1.5 tp=6.0 embed=20
----------------------------------------------------------------------------------------------------
Trial 188 | PRUNED (year1 pts=    -3,630) |     1s
Trial 189 | score=       -1163 | pts=   -13,762 | wr= 17.2% | pf= 0.49 | trades= 3,120 |     2s

----------------------------------------------------------------------------------------------------
LIVE LEADERBOARD (top 5 by composite score)
  # |        SCORE |        PTS |    WR% |    PF |     TR | params
  1 |        -1163 |    -13,762 |   17.2 |  0.49 |  3,120 | atr=20 sl=1.5 tp=6.0 embed=20
  2 |        -1163 |    -13,762 |   17.2 |  0.49 |  3,120 | atr=20 sl=1.5 tp=6.0 embed=20
  3 |        -1163 |    -13,762 |   17.2 |  0.49 |  3,120 | atr=20 sl=1.5 tp=6.0 embed=20
  4 |        -1163 |    -13,762 |   17.2 |  0.49 |  3,120 | atr=20 sl=1.5 tp=6.0 embed=20
  5 |        -1163 |    -13,762 |   17.2 |  0.49 |  3,120 | atr=20 sl=1.5 tp=6.0 embed=20
----------------------------------------------------------------------------------------------------
Trial 190 | PRUNED (year1 pts=    -4,016) |     1s
Trial 191 | score=       -1163 | pts=   -13,762 | wr= 17.2% | pf= 0.49 | trades= 3,120 |     2s

----------------------------------------------------------------------------------------------------
LIVE LEADERBOARD (top 5 by composite score)
  # |        SCORE |        PTS |    WR% |    PF |     TR | params
  1 |        -1163 |    -13,762 |   17.2 |  0.49 |  3,120 | atr=20 sl=1.5 tp=6.0 embed=20
  2 |        -1163 |    -13,762 |   17.2 |  0.49 |  3,120 | atr=20 sl=1.5 tp=6.0 embed=20
  3 |        -1163 |    -13,762 |   17.2 |  0.49 |  3,120 | atr=20 sl=1.5 tp=6.0 embed=20
  4 |        -1163 |    -13,762 |   17.2 |  0.49 |  3,120 | atr=20 sl=1.5 tp=6.0 embed=20
  5 |        -1163 |    -13,762 |   17.2 |  0.49 |  3,120 | atr=20 sl=1.5 tp=6.0 embed=20
----------------------------------------------------------------------------------------------------
Trial 192 | score=       -1163 | pts=   -13,762 | wr= 17.2% | pf= 0.49 | trades= 3,120 |     2s

----------------------------------------------------------------------------------------------------
LIVE LEADERBOARD (top 5 by composite score)
  # |        SCORE |        PTS |    WR% |    PF |     TR | params
  1 |        -1163 |    -13,762 |   17.2 |  0.49 |  3,120 | atr=20 sl=1.5 tp=6.0 embed=20
  2 |        -1163 |    -13,762 |   17.2 |  0.49 |  3,120 | atr=20 sl=1.5 tp=6.0 embed=20
  3 |        -1163 |    -13,762 |   17.2 |  0.49 |  3,120 | atr=20 sl=1.5 tp=6.0 embed=20
  4 |        -1163 |    -13,762 |   17.2 |  0.49 |  3,120 | atr=20 sl=1.5 tp=6.0 embed=20
  5 |        -1163 |    -13,762 |   17.2 |  0.49 |  3,120 | atr=20 sl=1.5 tp=6.0 embed=20
----------------------------------------------------------------------------------------------------
Trial 193 | PRUNED (year1 pts=    -3,466) |     1s
Trial 194 | score=       -1163 | pts=   -13,762 | wr= 17.2% | pf= 0.49 | trades= 3,120 |     2s

----------------------------------------------------------------------------------------------------
LIVE LEADERBOARD (top 5 by composite score)
  # |        SCORE |        PTS |    WR% |    PF |     TR | params
  1 |        -1163 |    -13,762 |   17.2 |  0.49 |  3,120 | atr=20 sl=1.5 tp=6.0 embed=20
  2 |        -1163 |    -13,762 |   17.2 |  0.49 |  3,120 | atr=20 sl=1.5 tp=6.0 embed=20
  3 |        -1163 |    -13,762 |   17.2 |  0.49 |  3,120 | atr=20 sl=1.5 tp=6.0 embed=20
  4 |        -1163 |    -13,762 |   17.2 |  0.49 |  3,120 | atr=20 sl=1.5 tp=6.0 embed=20
  5 |        -1163 |    -13,762 |   17.2 |  0.49 |  3,120 | atr=20 sl=1.5 tp=6.0 embed=20
----------------------------------------------------------------------------------------------------
Trial 195 | score=       -1163 | pts=   -13,762 | wr= 17.2% | pf= 0.49 | trades= 3,120 |     2s

----------------------------------------------------------------------------------------------------
LIVE LEADERBOARD (top 5 by composite score)
  # |        SCORE |        PTS |    WR% |    PF |     TR | params
  1 |        -1163 |    -13,762 |   17.2 |  0.49 |  3,120 | atr=20 sl=1.5 tp=6.0 embed=20
  2 |        -1163 |    -13,762 |   17.2 |  0.49 |  3,120 | atr=20 sl=1.5 tp=6.0 embed=20
  3 |        -1163 |    -13,762 |   17.2 |  0.49 |  3,120 | atr=20 sl=1.5 tp=6.0 embed=20
  4 |        -1163 |    -13,762 |   17.2 |  0.49 |  3,120 | atr=20 sl=1.5 tp=6.0 embed=20
  5 |        -1163 |    -13,762 |   17.2 |  0.49 |  3,120 | atr=20 sl=1.5 tp=6.0 embed=20
----------------------------------------------------------------------------------------------------
Trial 196 | PRUNED (year1 pts=    -3,612) |     1s
Trial 197 | score=       -1163 | pts=   -13,762 | wr= 17.2% | pf= 0.49 | trades= 3,120 |     2s

----------------------------------------------------------------------------------------------------
LIVE LEADERBOARD (top 5 by composite score)
  # |        SCORE |        PTS |    WR% |    PF |     TR | params
  1 |        -1163 |    -13,762 |   17.2 |  0.49 |  3,120 | atr=20 sl=1.5 tp=6.0 embed=20
  2 |        -1163 |    -13,762 |   17.2 |  0.49 |  3,120 | atr=20 sl=1.5 tp=6.0 embed=20
  3 |        -1163 |    -13,762 |   17.2 |  0.49 |  3,120 | atr=20 sl=1.5 tp=6.0 embed=20
  4 |        -1163 |    -13,762 |   17.2 |  0.49 |  3,120 | atr=20 sl=1.5 tp=6.0 embed=20
  5 |        -1163 |    -13,762 |   17.2 |  0.49 |  3,120 | atr=20 sl=1.5 tp=6.0 embed=20
----------------------------------------------------------------------------------------------------
Trial 198 | score=       -1163 | pts=   -13,762 | wr= 17.2% | pf= 0.49 | trades= 3,120 |     2s

----------------------------------------------------------------------------------------------------
LIVE LEADERBOARD (top 5 by composite score)
  # |        SCORE |        PTS |    WR% |    PF |     TR | params
  1 |        -1163 |    -13,762 |   17.2 |  0.49 |  3,120 | atr=20 sl=1.5 tp=6.0 embed=20
  2 |        -1163 |    -13,762 |   17.2 |  0.49 |  3,120 | atr=20 sl=1.5 tp=6.0 embed=20
  3 |        -1163 |    -13,762 |   17.2 |  0.49 |  3,120 | atr=20 sl=1.5 tp=6.0 embed=20
  4 |        -1163 |    -13,762 |   17.2 |  0.49 |  3,120 | atr=20 sl=1.5 tp=6.0 embed=20
  5 |        -1163 |    -13,762 |   17.2 |  0.49 |  3,120 | atr=20 sl=1.5 tp=6.0 embed=20
----------------------------------------------------------------------------------------------------
Trial 199 | score=       -1163 | pts=   -13,762 | wr= 17.2% | pf= 0.49 | trades= 3,120 |     2s

----------------------------------------------------------------------------------------------------
LIVE LEADERBOARD (top 5 by composite score)
  # |        SCORE |        PTS |    WR% |    PF |     TR | params
  1 |        -1163 |    -13,762 |   17.2 |  0.49 |  3,120 | atr=20 sl=1.5 tp=6.0 embed=20
  2 |        -1163 |    -13,762 |   17.2 |  0.49 |  3,120 | atr=20 sl=1.5 tp=6.0 embed=20
  3 |        -1163 |    -13,762 |   17.2 |  0.49 |  3,120 | atr=20 sl=1.5 tp=6.0 embed=20
  4 |        -1163 |    -13,762 |   17.2 |  0.49 |  3,120 | atr=20 sl=1.5 tp=6.0 embed=20
  5 |        -1163 |    -13,762 |   17.2 |  0.49 |  3,120 | atr=20 sl=1.5 tp=6.0 embed=20
----------------------------------------------------------------------------------------------------

=== PHASE 1 COMPLETE: 200 trials in 5.4 min ===
Results: optuna_futures_results.csv
